Account Transactions,,,,,,,,
Terminal Six Post,,,,,,,,
For the period 1 January 2024 to 31 December 2024,,,,,,,,
,,,,,,,,
Date,Source,Description,Reference,Debit,Credit,Running Balance,Gross,Tax
,,,,,,,,
Bad Debts Expense,,,,,,,,
01 Feb 2024,Receivable Credit Note,"Viva Communications Inc. - FTR DCP with Subtitles
FTR QuickTime Prores 4444 with Subtitles
FTR QuickTime Prores 4444 without Subtitles
FTR MP4 with Subtitles
FTR MP4 without Subtitles",Nerisa,"3,571.43",0.00,"3,571.43","4,000.00",428.57
01 Feb 2024,Receivable Credit Note,"Viva Communications Inc. - FTR QuickTime Prores 422HQ with Subtitles
FTR QuickTime Prores 422HQ without Subtitles
FTR MP4 with Subtitles
FTR MP4 without Subtitles",Sarap mong Patayin,"3,571.43",0.00,"7,142.86","4,000.00",428.57
01 Feb 2024,Receivable Credit Note,"Viva Communications Inc. - FTR DCP with Subtitles
FTR QuickTime Prores 4444 with Subtitles
FTR QuickTime Prores 4444 without Subtitles
FTR MP4 with Subtitles
FTR MP4 without Subtitles",Gluta,"14,030.62",0.00,"21,173.48","15,714.29","1,683.67"
Total Bad Debts Expense,,,,"21,173.48",0.00,"21,173.48","23,714.29","2,540.81"
,,,,,,,,
Cleaning,,,,,,,,
11 May 2024,Spend Money,Not assigned - FEATHER DUST,,100.00,0.00,100.00,100.00,0.00
30 Jul 2024,Spend Money,Landmark - TORNADO MOP,,882.00,0.00,982.00,882.00,0.00
13 Aug 2024,Spend Money,Anara Pest Control Services - Pest Control Services,,"13,500.00",0.00,"14,482.00","13,500.00",0.00
Total Cleaning,,,,"14,482.00",0.00,"14,482.00","14,482.00",0.00
,,,,,,,,
Client Meeting Expense,,,,,,,,
24 Apr 2024,Spend Money,Grab - Project Meals,,520.00,0.00,520.00,520.00,0.00
27 Jun 2024,Spend Money,Grab,,"1,559.00",0.00,"2,079.00","1,559.00",0.00
06 Sep 2024,Spend Money,Catsi Catalan - Set Visit,Deadline,"4,500.00",0.00,"6,579.00","4,500.00",0.00
15 Nov 2024,Spend Money,Novotel,,"2,710.01",0.00,"9,289.01","2,710.01",0.00
16 Nov 2024,Spend Money,Grab,,871.00,0.00,"10,160.01",871.00,0.00
20 Nov 2024,Spend Money,Grab,,"1,041.00",0.00,"11,201.01","1,041.00",0.00
20 Nov 2024,Spend Money,Grab,,"1,300.00",0.00,"12,501.01","1,300.00",0.00
22 Nov 2024,Spend Money,Publiq,,905.00,0.00,"13,406.01",905.00,0.00
Total Client Meeting Expense,,,,"13,406.01",0.00,"13,406.01","13,406.01",0.00
,,,,,,,,
Computer Accessories,,,,,,,,
13 May 2024,Spend Money,Lazada - 840955357457165,,967.62,0.00,967.62,967.62,0.00
03 Jul 2024,Spend Money,Lazada - 867698311257165,,"1,106.40",0.00,"2,074.02","1,106.40",0.00
26 Jul 2024,Spend Money,Lazada,,"2,241.30",0.00,"4,315.32","2,241.30",0.00
27 Sep 2024,Spend Money,Teriann Yap - Mouse,,185.00,0.00,"4,500.32",185.00,0.00
19 Oct 2024,Spend Money,Amazon Marketplace,,"57,898.76",0.00,"62,399.08","57,898.76",0.00
04 Nov 2024,Spend Money,Lazada - 971610691257165,,"15,394.00",0.00,"77,793.08","15,394.00",0.00
Total Computer Accessories,,,,"77,793.08",0.00,"77,793.08","77,793.08",0.00
,,,,,,,,
Computer Equipment,,,,,,,,
Opening Balance,,,,"2,634,458.69",0.00,"2,634,458.69",0.00,0.00
20 Mar 2024,Spend Money,Not assigned - Mac Studio M1 Ultra,,"125,000.00",0.00,"2,759,458.69","125,000.00",0.00
24 Mar 2024,Spend Money,Power Mac Center,,"183,990.00",0.00,"2,943,448.69","183,990.00",0.00
16 Sep 2024,Payable Invoice,Cyril Bautista - UPS 1200W,,"18,600.00",0.00,"2,962,048.69","18,600.00",0.00
16 Sep 2024,Payable Invoice,Cyril Bautista - 2x Ethernet Cables (Replacements),,406.00,0.00,"2,962,454.69",406.00,0.00
29 Nov 2024,Payable Invoice,Cyril Bautista - Mac Adapter for Thunderbay 2,,"2,890.00",0.00,"2,965,344.69","2,890.00",0.00
Total Computer Equipment,,,,"330,886.00",0.00,"2,965,344.69","330,886.00",0.00
Closing Balance,,,,"2,965,344.69",0.00,"2,965,344.69",0.00,0.00
,,,,,,,,
Conferences and Events - Lodging,,,,,,,,
12 Apr 2024,Spend Money,Cory Vidanes - Accommodation Charges,Cannes 2024,"224,480.12",0.00,"224,480.12","224,480.12",0.00
12 Apr 2024,Receivable Invoice,CVY Corporation - Accommodation,Cannes 2024,0.00,"112,240.06","112,240.06","(112,240.06)",0.00
Total Conferences and Events - Lodging,,,,"224,480.12","112,240.06","112,240.06","112,240.06",0.00
,,,,,,,,
Conferences and Events - Meals,,,,,,,,
17 Mar 2024,Spend Money,Golden Arches Development Corporation,,531.00,0.00,531.00,531.00,0.00
02 Apr 2024,Spend Money,Cyril Bautista - Director's Fortnight 2024 - Meals,Cannes 2024,"2,802.00",0.00,"3,333.00","2,802.00",0.00
06 Nov 2024,Spend Money,Grab,,"1,168.75",0.00,"4,501.75","1,309.00",140.25
13 Nov 2024,Spend Money,Grab,,"1,163.39",0.00,"5,665.14","1,303.00",139.61
21 Nov 2024,Spend Money,Columbia Gateway,,"5,490.00",0.00,"11,155.14","5,490.00",0.00
14 Dec 2024,Spend Money,Grab,,339.00,0.00,"11,494.14",339.00,0.00
16 Dec 2024,Spend Money,Grab,,298.00,0.00,"11,792.14",298.00,0.00
17 Dec 2024,Spend Money,Grab,,50.00,0.00,"11,842.14",50.00,0.00
18 Dec 2024,Spend Money,Grab,,359.00,0.00,"12,201.14",359.00,0.00
19 Dec 2024,Spend Money,Grab,,294.00,0.00,"12,495.14",294.00,0.00
19 Dec 2024,Spend Money,Grab,,96.00,0.00,"12,591.14",96.00,0.00
19 Dec 2024,Spend Money,Grab,,185.00,0.00,"12,776.14",185.00,0.00
19 Dec 2024,Spend Money,Grab,,238.00,0.00,"13,014.14",238.00,0.00
19 Dec 2024,Spend Money,Grab,,40.00,0.00,"13,054.14",40.00,0.00
19 Dec 2024,Spend Money,Grab,,140.00,0.00,"13,194.14",140.00,0.00
20 Dec 2024,Spend Money,Grab,,299.00,0.00,"13,493.14",299.00,0.00
20 Dec 2024,Spend Money,Grab,,359.00,0.00,"13,852.14",359.00,0.00
20 Dec 2024,Spend Money,Grab,,230.00,0.00,"14,082.14",230.00,0.00
20 Dec 2024,Spend Money,Grab,,295.00,0.00,"14,377.14",295.00,0.00
20 Dec 2024,Spend Money,Grab,,523.00,0.00,"14,900.14",523.00,0.00
20 Dec 2024,Spend Money,Grab,,50.00,0.00,"14,950.14",50.00,0.00
20 Dec 2024,Spend Money,Grab,,237.00,0.00,"15,187.14",237.00,0.00
20 Dec 2024,Spend Money,Grab,,777.00,0.00,"15,964.14",777.00,0.00
20 Dec 2024,Spend Money,Grab,,50.00,0.00,"16,014.14",50.00,0.00
Total Conferences and Events - Meals,,,,"16,014.14",0.00,"16,014.14","16,294.00",279.86
,,,,,,,,
Conferences and Events - Miscellaneous,,,,,,,,
02 Apr 2024,Spend Money,Wesley Yap - Director's Fortnight 2024 - Networking Allowance,Cannes 2024,"10,000.00",0.00,"10,000.00","10,000.00",0.00
08 Apr 2024,Spend Money,Wesley Yap - Visa Fee,Cannes 2024,"15,495.00",0.00,"25,495.00","15,495.00",0.00
12 Apr 2024,Receivable Invoice,CVY Corporation - Calling cards,Cannes 2024,0.00,"14,400.00","11,095.00","(14,400.00)",0.00
12 Apr 2024,Receivable Invoice,CVY Corporation - Excess Networking Allowance,Cannes 2024,0.00,"5,775.00","5,320.00","(5,775.00)",0.00
09 May 2024,Spend Money,Not assigned - Travel Fund,Cannes 2024,"125,000.00",0.00,"130,320.00","125,000.00",0.00
09 May 2024,Spend Money,SHIRTGUY Inc. - Calling Cards,Cannes 2024,"24,000.00",0.00,"154,320.00","24,000.00",0.00
29 Nov 2024,Payable Invoice,Cyril Bautista - Clothing Zara,,"4,992.00",0.00,"159,312.00","4,992.00",0.00
29 Nov 2024,Payable Invoice,Cyril Bautista - Clothing Uniqlo (FRPI),,"3,980.00",0.00,"163,292.00","3,980.00",0.00
Total Conferences and Events - Miscellaneous,,,,"183,467.00","20,175.00","163,292.00","163,292.00",0.00
,,,,,,,,
Conferences and Events - Travel,,,,,,,,
03 Apr 2024,Spend Money,Jonathan Yap - Director's Fortnight 2024 - Grab,Cannes 2024,864.00,0.00,864.00,864.00,0.00
12 Apr 2024,Receivable Invoice,CVY Corporation - Airfare,Cannes 2024,0.00,"96,656.19","(95,792.19)","(96,656.19)",0.00
23 Apr 2024,Payable Invoice,Cyril Bautista - Reimbursement for Visa Fee,Cannes 2024,"3,828.00",0.00,"(91,964.19)","3,828.00",0.00
10 May 2024,Spend Money,Explorer Express Travel Corp - Travel Fees,Cannes 2024,"289,968.59",0.00,"198,004.40","289,968.59",0.00
13 May 2024,Spend Money,Cory Vidanes - Airfare,Cannes 2024,"96,656.19",0.00,"294,660.59","96,656.19",0.00
Total Conferences and Events - Travel,,,,"391,316.78","96,656.19","294,660.59","294,660.59",0.00
,,,,,,,,
Consulting & Accounting,,,,,,,,
25 Jan 2024,Payable Invoice,Gemini Accnt Business Management Consultancy Services - Service Fee,January 2024 Service Fee,"4,000.00",0.00,"4,000.00","4,000.00",0.00
25 Jan 2024,Payable Invoice,Gemini Accnt Business Management Consultancy Services - Additional Receipts,January 2024 Service Fee,"78,750.00",0.00,"82,750.00","78,750.00",0.00
25 Jan 2024,Payable Invoice,"Gemini Accnt Business Management Consultancy Services - 
Service Fee for Mayors Permit Renewal",January 2024 Service Fee,"5,000.00",0.00,"87,750.00","5,000.00",0.00
14 Mar 2024,Payable Invoice,Gemini Accnt Business Management Consultancy Services - Service Fee,February-March 2024 Service Fee,"8,000.00",0.00,"95,750.00","8,000.00",0.00
14 Mar 2024,Payable Invoice,Gemini Accnt Business Management Consultancy Services - 2023 ITR/AFS Processing Fee,February-March 2024 Service Fee,"20,000.00",0.00,"115,750.00","20,000.00",0.00
12 Apr 2024,Payable Invoice,Gemini Accnt Business Management Consultancy Services - Service Fee,April 2024 Service Fee,"4,000.00",0.00,"119,750.00","4,000.00",0.00
12 Apr 2024,Payable Invoice,Gemini Accnt Business Management Consultancy Services - Expenses,April 2024 Service Fee,"78,750.00",0.00,"198,500.00","78,750.00",0.00
08 May 2024,Payable Invoice,Gemini Accnt Business Management Consultancy Services - Service Fee,May 2024 Service Fee,"4,000.00",0.00,"202,500.00","4,000.00",0.00
24 Jun 2024,Payable Invoice,Gemini Accnt Business Management Consultancy Services - Service Fee,June 2024 Service Fee,"4,000.00",0.00,"206,500.00","4,000.00",0.00
01 Jul 2024,Payable Invoice,Gemini Accnt Business Management Consultancy Services - Service Fee,July 2024 Additional Fee,"90,000.00",0.00,"296,500.00","90,000.00",0.00
22 Jul 2024,Payable Invoice,Gemini Accnt Business Management Consultancy Services - Service Fee,July 2024 Service Fee,"4,000.00",0.00,"300,500.00","4,000.00",0.00
01 Aug 2024,Payable Invoice,Gemini Accnt Business Management Consultancy Services - Service Fee,August 2024 Service Fee,"4,000.00",0.00,"304,500.00","4,000.00",0.00
26 Oct 2024,Payable Invoice,Gemini Accnt Business Management Consultancy Services - Service Fee,September-October 2024 Service Fee,"8,000.00",0.00,"312,500.00","8,000.00",0.00
26 Oct 2024,Payable Invoice,Gemini Accnt Business Management Consultancy Services - Service Fee for ORUS Registration,September-October 2024 Service Fee,"1,000.00",0.00,"313,500.00","1,000.00",0.00
26 Oct 2024,Receive Money,Gemini Accnt Business Management Consultancy Services - Refund for Misprocessing,,0.00,"101,043.28","212,456.72","(101,043.28)",0.00
31 Oct 2024,Payable Invoice,Gemini Accnt Business Management Consultancy Services - Service Fee,October 2024 Additional Fee,"80,000.00",0.00,"292,456.72","80,000.00",0.00
13 Dec 2024,Payable Invoice,Gemini Accnt Business Management Consultancy Services - Service Fee,November-December 2024 Service Fee,"8,000.00",0.00,"300,456.72","8,000.00",0.00
Total Consulting & Accounting,,,,"401,500.00","101,043.28","300,456.72","300,456.72",0.00
,,,,,,,,
Delivery Fee,,,,,,,,
15 Jan 2024,Spend Money,Not assigned,,101.00,0.00,101.00,101.00,0.00
31 Jan 2024,Spend Money,"Leila Gonzales - HD Delivery (January 5, 2024)",Drag Den Season 2,245.00,0.00,346.00,245.00,0.00
31 Jan 2024,Spend Money,"Leila Gonzales - HD Delivery (January 9, 2024)",Drag Den Season 2,245.00,0.00,591.00,245.00,0.00
31 Jan 2024,Spend Money,"Leila Gonzales - HD Delivery (January 12, 2024)",Drag Den Season 2,222.00,0.00,813.00,222.00,0.00
31 Jan 2024,Spend Money,"Leila Gonzales - HD Delivery (January 16, 2024)",Drag Den Season 2,69.00,0.00,882.00,69.00,0.00
16 Feb 2024,Spend Money,Not assigned,,90.00,0.00,972.00,90.00,0.00
22 Feb 2024,Spend Money,Not assigned,,84.00,0.00,"1,056.00",84.00,0.00
26 Feb 2024,Spend Money,Not assigned,,75.00,0.00,"1,131.00",75.00,0.00
26 Feb 2024,Spend Money,Not assigned,,114.00,0.00,"1,245.00",114.00,0.00
26 Feb 2024,Spend Money,Not assigned,,71.00,0.00,"1,316.00",71.00,0.00
27 Feb 2024,Spend Money,Not assigned,,75.00,0.00,"1,391.00",75.00,0.00
28 Feb 2024,Spend Money,Not assigned,,71.00,0.00,"1,462.00",71.00,0.00
29 Feb 2024,Spend Money,Not assigned,,71.00,0.00,"1,533.00",71.00,0.00
04 Mar 2024,Spend Money,Not assigned,,185.00,0.00,"1,718.00",185.00,0.00
05 Mar 2024,Spend Money,Not assigned,,208.00,0.00,"1,926.00",208.00,0.00
06 Mar 2024,Spend Money,Not assigned,,70.00,0.00,"1,996.00",70.00,0.00
07 Mar 2024,Spend Money,Not assigned,,190.00,0.00,"2,186.00",190.00,0.00
11 Mar 2024,Spend Money,Not assigned,,110.00,0.00,"2,296.00",110.00,0.00
14 Mar 2024,Spend Money,Not assigned,,256.00,0.00,"2,552.00",256.00,0.00
15 Mar 2024,Spend Money,"Leila Gonzales - HD Delivery (February 1, 2024)",Drag Den Season 2,270.00,0.00,"2,822.00",270.00,0.00
15 Mar 2024,Spend Money,"Leila Gonzales - HD Delivery (February 6, 2024)",Drag Den Season 2,204.00,0.00,"3,026.00",204.00,0.00
15 Mar 2024,Spend Money,"Grab - HD Delivery (February 6, 2024)",What's Wrong with Secretary Kim,69.00,0.00,"3,095.00",69.00,0.00
15 Mar 2024,Spend Money,"Grab - HD Delivery (February 6, 2024)",What's Wrong with Secretary Kim,66.00,0.00,"3,161.00",66.00,0.00
15 Mar 2024,Spend Money,"Grab - HD Delivery (February 28, 2024)",What's Wrong with Secretary Kim,204.00,0.00,"3,365.00",204.00,0.00
15 Mar 2024,Spend Money,"Grab - HD Delivery (February 29, 2024)",What's Wrong with Secretary Kim,208.00,0.00,"3,573.00",208.00,0.00
15 Mar 2024,Spend Money,"Grab - HD Delivery (February 29, 2024)",What's Wrong with Secretary Kim,208.00,0.00,"3,781.00",208.00,0.00
19 Mar 2024,Spend Money,Not assigned,,500.00,0.00,"4,281.00",500.00,0.00
22 Mar 2024,Spend Money,Not assigned,,184.00,0.00,"4,465.00",184.00,0.00
27 Mar 2024,Spend Money,Not assigned,,79.00,0.00,"4,544.00",79.00,0.00
27 Mar 2024,Spend Money,Not assigned - Delivery Fee,,184.00,0.00,"4,728.00",184.00,0.00
08 Apr 2024,Spend Money,Not assigned - Delivery Fee,,292.00,0.00,"5,020.00",292.00,0.00
08 Apr 2024,Spend Money,Not assigned - Delivery Fee,,190.00,0.00,"5,210.00",190.00,0.00
30 Apr 2024,Spend Money,Not assigned - Delivery Fee,,111.00,0.00,"5,321.00",111.00,0.00
03 May 2024,Payable Invoice,Cyril Bautista - Grab Express Reimbursement,Moonglow,218.00,0.00,"5,539.00",218.00,0.00
03 May 2024,Payable Invoice,Cyril Bautista - Grab Express Reimbursement,Moonglow,123.00,0.00,"5,662.00",123.00,0.00
03 May 2024,Spend Money,Not assigned - Delivery Fee,,216.00,0.00,"5,878.00",216.00,0.00
12 May 2024,Spend Money,Grab,,123.00,0.00,"6,001.00",123.00,0.00
13 May 2024,Spend Money,Not assigned - Delivery Fee,,80.00,0.00,"6,081.00",80.00,0.00
13 May 2024,Spend Money,Not assigned - Delivery Fee,,73.00,0.00,"6,154.00",73.00,0.00
14 May 2024,Spend Money,Not assigned - Delivery Fee,,190.00,0.00,"6,344.00",190.00,0.00
15 May 2024,Spend Money,"Grab - HD Delivery (May 8, 2024)",Fruitcake,73.00,0.00,"6,417.00",73.00,0.00
15 May 2024,Spend Money,"Grab - HD Delivery (May 12, 2024)",Fruitcake,89.00,0.00,"6,506.00",89.00,0.00
15 May 2024,Spend Money,"Grab - HD Delivery (May 13, 2024)",Fruitcake,49.00,0.00,"6,555.00",49.00,0.00
20 May 2024,Spend Money,Not assigned - Delivery Fee,,188.00,0.00,"6,743.00",188.00,0.00
21 May 2024,Spend Money,Not assigned - Delivery Fee,,190.00,0.00,"6,933.00",190.00,0.00
18 Jun 2024,Spend Money,"Leila Gonzales - HD Delivery (May 22, 2024)",Kantil,751.00,0.00,"7,684.00",751.00,0.00
28 Jun 2024,Spend Money,Lalamove - Hard Drive Delivery,GG,650.00,0.00,"8,334.00",650.00,0.00
28 Jun 2024,Spend Money,Not assigned - Hard Drive Delivery,GG,600.00,0.00,"8,934.00",600.00,0.00
04 Jul 2024,Spend Money,Grab,,185.00,0.00,"9,119.00",185.00,0.00
28 Aug 2024,Payable Invoice,Jaisen Maree G. Morales - reimbursement,,373.00,0.00,"9,492.00",373.00,0.00
13 Sep 2024,Payable Invoice,Jaisen Maree G. Morales - Reimbursement,Niño,193.00,0.00,"9,685.00",193.00,0.00
18 Oct 2024,Payable Invoice,Jaisen Maree G. Morales - Delivery Fee,Niño,551.00,0.00,"10,236.00",551.00,0.00
18 Oct 2024,Spend Money,Not assigned,,410.00,0.00,"10,646.00",410.00,0.00
Total Delivery Fee,,,,"10,646.00",0.00,"10,646.00","10,646.00",0.00
,,,,,,,,
Less Accumulated Depreciation on Computer Software,,,,,,,,
Opening Balance,,,,0.00,"47,845.28","(47,845.28)",0.00,0.00
31 Jan 2024,,Depreciation of FA-0010 on 31 Jan 2024.,,0.00,"1,888.14","(49,733.42)","(1,888.14)",0.00
31 Jan 2024,,Depreciation of FA-0072 on 31 Jan 2024.,,0.00,105.41,"(49,838.83)",(105.41),0.00
29 Feb 2024,,Depreciation of FA-0010 on 29 Feb 2024.,,0.00,"1,888.15","(51,726.98)","(1,888.15)",0.00
29 Feb 2024,,Depreciation of FA-0072 on 29 Feb 2024.,,0.00,105.41,"(51,832.39)",(105.41),0.00
31 Mar 2024,,Depreciation of FA-0010 on 31 Mar 2024.,,0.00,"1,888.14","(53,720.53)","(1,888.14)",0.00
31 Mar 2024,,Depreciation of FA-0072 on 31 Mar 2024.,,0.00,105.41,"(53,825.94)",(105.41),0.00
30 Apr 2024,,Depreciation of FA-0010 on 30 Apr 2024.,,0.00,"1,888.15","(55,714.09)","(1,888.15)",0.00
30 Apr 2024,,Depreciation of FA-0072 on 30 Apr 2024.,,0.00,105.40,"(55,819.49)",(105.40),0.00
31 May 2024,,Depreciation of FA-0010 on 31 May 2024.,,0.00,"1,888.14","(57,707.63)","(1,888.14)",0.00
31 May 2024,,Depreciation of FA-0072 on 31 May 2024.,,0.00,105.41,"(57,813.04)",(105.41),0.00
30 Jun 2024,,Depreciation of FA-0010 on 30 Jun 2024.,,0.00,"1,888.15","(59,701.19)","(1,888.15)",0.00
30 Jun 2024,,Depreciation of FA-0072 on 30 Jun 2024.,,0.00,105.41,"(59,806.60)",(105.41),0.00
31 Jul 2024,,Depreciation of FA-0010 on 31 Jul 2024.,,0.00,"1,888.14","(61,694.74)","(1,888.14)",0.00
31 Jul 2024,,Depreciation of FA-0072 on 31 Jul 2024.,,0.00,105.41,"(61,800.15)",(105.41),0.00
31 Aug 2024,,Depreciation of FA-0010 on 31 Aug 2024.,,0.00,"1,888.14","(63,688.29)","(1,888.14)",0.00
31 Aug 2024,,Depreciation of FA-0072 on 31 Aug 2024.,,0.00,105.41,"(63,793.70)",(105.41),0.00
30 Sep 2024,,Depreciation of FA-0010 on 30 Sep 2024.,,0.00,"1,888.15","(65,681.85)","(1,888.15)",0.00
30 Sep 2024,,Depreciation of FA-0072 on 30 Sep 2024.,,0.00,105.41,"(65,787.26)",(105.41),0.00
31 Oct 2024,,Depreciation of FA-0010 on 31 Oct 2024.,,0.00,"1,888.14","(67,675.40)","(1,888.14)",0.00
31 Oct 2024,,Depreciation of FA-0072 on 31 Oct 2024.,,0.00,105.41,"(67,780.81)",(105.41),0.00
30 Nov 2024,,Depreciation of FA-0010 on 30 Nov 2024.,,0.00,"1,888.15","(69,668.96)","(1,888.15)",0.00
30 Nov 2024,,Depreciation of FA-0072 on 30 Nov 2024.,,0.00,105.41,"(69,774.37)",(105.41),0.00
31 Dec 2024,,Depreciation of FA-0010 on 31 Dec 2024.,,0.00,"1,888.14","(71,662.51)","(1,888.14)",0.00
31 Dec 2024,,Depreciation of FA-0072 on 31 Dec 2024.,,0.00,105.40,"(71,767.91)",(105.40),0.00
Total Less Accumulated Depreciation on Computer Software,,,,0.00,"23,922.63","(71,767.91)","(23,922.63)",0.00
Closing Balance,,,,0.00,"71,767.91","(71,767.91)",0.00,0.00
,,,,,,,,
Marketing & Advertising,,,,,,,,
12 Jan 2024,Spend Money,Rosselle Saldao - Sponsorship for Finale Party,Senior High,"10,000.00",0.00,"10,000.00","10,000.00",0.00
12 Jan 2024,Spend Money,Nard Torres - Marketing Posters Reimbursement,,547.00,0.00,"10,547.00",547.00,0.00
05 Feb 2024,Spend Money,Arnold Balana Diesta - Funeral Flowers for Deo Edrinal,,"8,500.00",0.00,"19,047.00","8,500.00",0.00
06 Apr 2024,Spend Money,Carl Jan Cruz - Gift to Director,,"12,700.00",0.00,"31,747.00","12,700.00",0.00
08 Apr 2024,Payable Invoice,Orange Segment Print & Design Studio - Poster Printing,,642.86,0.00,"32,389.86",720.00,77.14
08 May 2024,Payable Invoice,Noemi Paguiligan - T6 reel edit,T6 reel,"13,000.00",0.00,"45,389.86","13,000.00",0.00
15 May 2024,Payable Invoice,Orange Segment Print & Design Studio - Poster Printing,,428.57,0.00,"45,818.43",480.00,51.43
03 Jul 2024,Spend Money,"CRIF D-B Philippines, Inc. - Basic Membership Renewal 2024",,"3,675.00",0.00,"49,493.43","4,116.00",441.00
08 Jul 2024,Spend Money,Orange Segment Print & Design Studio - Posters,,720.00,0.00,"50,213.43",720.00,0.00
26 Jul 2024,Spend Money,Orange Segment Print & Design Studio - Posters,,"1,200.00",0.00,"51,413.43","1,200.00",0.00
13 Sep 2024,Spend Money,Orange Segment Print & Design Studio - Posters,,480.00,0.00,"51,893.43",480.00,0.00
15 Oct 2024,Spend Money,Orange Segment Print & Design Studio - Posters,,650.00,0.00,"52,543.43",650.00,0.00
16 Oct 2024,Spend Money,"CRIF D-B Philippines, Inc. - Accreditation",,"1,764.00",0.00,"54,307.43","1,764.00",0.00
15 Nov 2024,Spend Money,Wesley Yap,,"20,000.00",0.00,"74,307.43","20,000.00",0.00
21 Nov 2024,Spend Money,Orange Segment Print & Design Studio - Posters,,480.00,0.00,"74,787.43",480.00,0.00
21 Nov 2024,Spend Money,Wesley Yap,,"5,000.00",0.00,"79,787.43","5,000.00",0.00
30 Nov 2024,Spend Money,Lazada - 930350671257165,,"1,930.50",0.00,"81,717.93","1,930.50",0.00
09 Dec 2024,Spend Money,Regal Entertainment - Sponsorship for Party,,"10,000.00",0.00,"91,717.93","10,000.00",0.00
10 Dec 2024,Spend Money,Orange Segment Print & Design Studio - Posters,,"1,060.00",0.00,"92,777.93","1,060.00",0.00
19 Dec 2024,Spend Money,The Marketplace,,"23,350.42",0.00,"116,128.35","23,350.42",0.00
19 Dec 2024,Spend Money,Santi's Deli,,"2,933.60",0.00,"119,061.95","2,933.60",0.00
20 Dec 2024,Spend Money,Project 8 Projects - Sponsorship for Party,,"40,000.00",0.00,"159,061.95","40,000.00",0.00
Total Marketing & Advertising,,,,"159,061.95",0.00,"159,061.95","159,631.52",569.57
,,,,,,,,
Miscellaneous Expense,,,,,,,,
15 Jan 2024,Spend Money,Noemi Paguiligan - Speakers,,"22,500.00",0.00,"22,500.00","22,500.00",0.00
15 Jan 2024,Receive Money,Noemi Paguiligan,,0.00,"22,500.00",0.00,"(22,500.00)",0.00
15 Feb 2024,Spend Money,Maria Angelica Gaas - Overpayment,,8.99,0.00,8.99,8.99,0.00
Total Miscellaneous Expense,,,,"22,508.99","22,500.00",8.99,8.99,0.00
,,,,,,,,
Network and IT Expense,,,,,,,,
22 Jun 2024,Payable Invoice,Rhon Angelo Carbonell - Network support full payment,,"12,500.00",0.00,"12,500.00","12,500.00",0.00
07 Oct 2024,Payable Invoice,Cyril Bautista - CAT8 Module,,234.00,0.00,"12,734.00",234.00,0.00
07 Oct 2024,Payable Invoice,Cyril Bautista - CAT8 Termination Modular Plug,,467.00,0.00,"13,201.00",467.00,0.00
09 Dec 2024,Payable Invoice,Angelico Josef P. Vasquez - for automation and network assistance,,"5,000.00",0.00,"18,201.00","5,000.00",0.00
Total Network and IT Expense,,,,"18,201.00",0.00,"18,201.00","18,201.00",0.00
,,,,,,,,
Office Expense - Events/Parties,,,,,,,,
21 Mar 2024,Spend Money,Esoinosa Franchises Inc.,,809.00,0.00,809.00,809.00,0.00
13 May 2024,Spend Money,Esoinosa Franchises Inc.,,780.00,0.00,"1,589.00",780.00,0.00
31 May 2024,Spend Money,GINA GRACIA Y. NAVARRO,,"1,430.00",0.00,"3,019.00","1,430.00",0.00
30 Sep 2024,Spend Money,Monkey Mick Family KTV Corporation - Venue 50% Down Payment Anniversary 2024,,"5,000.00",0.00,"8,019.00","5,000.00",0.00
02 Oct 2024,Spend Money,Esoinosa Franchises Inc.,,670.00,0.00,"8,689.00",670.00,0.00
09 Oct 2024,Spend Money,Esoinosa Franchises Inc.,,759.00,0.00,"9,448.00",759.00,0.00
16 Oct 2024,Receive Money,Nico Ebora - Prize Sponsorship Anniversary 2024,,0.00,"10,000.00",(552.00),"(10,000.00)",0.00
29 Oct 2024,Spend Money,"GOLDILOCKS BAKESHOP, INC.",,860.00,0.00,308.00,860.00,0.00
31 Oct 2024,Spend Money,Debbie Arcilla - Prize - 1st Place 2024 Anniversary,,"5,000.00",0.00,"5,308.00","5,000.00",0.00
31 Oct 2024,Spend Money,Wermel Cordova - Prize - 2nd Place 2024 Anniversary,,"3,000.00",0.00,"8,308.00","3,000.00",0.00
31 Oct 2024,Spend Money,Jerico Xandrome Reyes - Prize - 3rd Place 2024 Anniversary,,"2,000.00",0.00,"10,308.00","2,000.00",0.00
26 Nov 2024,Payable Invoice,Ronny Doroteo - Venue,Christmas 2024,"18,810.00",0.00,"29,118.00","18,810.00",0.00
12 Dec 2024,Payable Invoice,Mafelyn Aguilar - Acetate Square Box 18pcs,Christmas 2024,"6,525.00",0.00,"35,643.00","6,525.00",0.00
Total Office Expense - Events/Parties,,,,"45,643.00","10,000.00","35,643.00","35,643.00",0.00
,,,,,,,,
Office Expense - Gas & Fuel,,,,,,,,
03 Jan 2024,Spend Money,RSB Ventures Inc. - Gas,,89.29,0.00,89.29,100.00,10.71
05 Jan 2024,Spend Money,RSB Ventures Inc. - Gas,,107.14,0.00,196.43,120.00,12.86
08 Jan 2024,Spend Money,RSB Ventures Inc. - Gas,,133.93,0.00,330.36,150.00,16.07
09 Jan 2024,Spend Money,RSB Ventures Inc. - Gas,,178.57,0.00,508.93,200.00,21.43
12 Jan 2024,Spend Money,RSB Ventures Inc. - Gas,,89.29,0.00,598.22,100.00,10.71
16 Jan 2024,Spend Money,RSB Ventures Inc. - Gas,,89.29,0.00,687.51,100.00,10.71
17 Jan 2024,Spend Money,Charbin Enterprises,,150.00,0.00,837.51,150.00,0.00
22 Jan 2024,Spend Money,RSB Ventures Inc. - Gas,,133.93,0.00,971.44,150.00,16.07
24 Jan 2024,Spend Money,RSB Ventures Inc. - Gas,,133.93,0.00,"1,105.37",150.00,16.07
25 Jan 2024,Spend Money,RSB Ventures Inc.,,150.00,0.00,"1,255.37",150.00,0.00
26 Jan 2024,Spend Money,"Congressional Ave. Gas Station, Inc.",,100.00,0.00,"1,355.37",100.00,0.00
29 Jan 2024,Spend Money,RSB Ventures Inc. - Gas,,107.14,0.00,"1,462.51",120.00,12.86
01 Feb 2024,Spend Money,RSB Ventures Inc. - Gas,,178.57,0.00,"1,641.08",200.00,21.43
02 Feb 2024,Spend Money,RSB Ventures Inc. - Gas,,133.93,0.00,"1,775.01",150.00,16.07
06 Feb 2024,Spend Money,RSB Ventures Inc. - Gas,,178.57,0.00,"1,953.58",200.00,21.43
07 Feb 2024,Spend Money,CERGA GASOLINE SERVICE STATION,,200.00,0.00,"2,153.58",200.00,0.00
13 Feb 2024,Spend Money,RSB Ventures Inc. - Gas,,178.57,0.00,"2,332.15",200.00,21.43
15 Feb 2024,Spend Money,RSB Ventures Inc. - Gas,,107.14,0.00,"2,439.29",120.00,12.86
16 Feb 2024,Spend Money,RSB Ventures Inc. - Gas,,178.57,0.00,"2,617.86",200.00,21.43
19 Feb 2024,Spend Money,RSB Ventures Inc. - Gas,,178.57,0.00,"2,796.43",200.00,21.43
20 Feb 2024,Spend Money,RSB Ventures Inc. - Gas,,89.29,0.00,"2,885.72",100.00,10.71
22 Feb 2024,Spend Money,RSB Ventures Inc. - Gas,,133.93,0.00,"3,019.65",150.00,16.07
04 Mar 2024,Spend Money,RSB Ventures Inc. - Gas,,178.57,0.00,"3,198.22",200.00,21.43
06 Mar 2024,Spend Money,RSB Ventures Inc.,,200.00,0.00,"3,398.22",200.00,0.00
07 Mar 2024,Spend Money,RSB Ventures Inc.,,150.00,0.00,"3,548.22",150.00,0.00
12 Mar 2024,Spend Money,Caltex,,100.00,0.00,"3,648.22",100.00,0.00
13 Mar 2024,Spend Money,RSB Ventures Inc. - Gas,,133.93,0.00,"3,782.15",150.00,16.07
15 Mar 2024,Spend Money,RSB Ventures Inc. - Gas,,151.79,0.00,"3,933.94",170.00,18.21
15 Mar 2024,Spend Money,RSB Ventures Inc. - Gas,,133.93,0.00,"4,067.87",150.00,16.07
19 Mar 2024,Spend Money,CERGA GASOLINE SERVICE STATION,,150.00,0.00,"4,217.87",150.00,0.00
20 Mar 2024,Spend Money,RSB Ventures Inc. - Gas,,178.57,0.00,"4,396.44",200.00,21.43
21 Mar 2024,Spend Money,RSB Ventures Inc. - Gas,,178.57,0.00,"4,575.01",200.00,21.43
22 Mar 2024,Spend Money,RSB Ventures Inc.,,130.00,0.00,"4,705.01",130.00,0.00
26 Mar 2024,Spend Money,Ultra X Petron Service Center,,150.00,0.00,"4,855.01",150.00,0.00
03 Apr 2024,Spend Money,HOURGLASS TRADING,,150.00,0.00,"5,005.01",150.00,0.00
04 Apr 2024,Spend Money,RILLERA'S GAS STATION,,100.00,0.00,"5,105.01",100.00,0.00
06 Apr 2024,Spend Money,RSB Ventures Inc.,,100.00,0.00,"5,205.01",100.00,0.00
12 Apr 2024,Spend Money,WHITE HARBOR GAS & SERVICE STATION INC.,,228.15,0.00,"5,433.16",228.15,0.00
17 Apr 2024,Spend Money,RSB Ventures Inc.,,242.32,0.00,"5,675.48",242.32,0.00
20 Apr 2024,Spend Money,RSB Ventures Inc.,,265.85,0.00,"5,941.33",265.85,0.00
25 Apr 2024,Spend Money,Petron,,"2,000.00",0.00,"7,941.33","2,000.00",0.00
25 Apr 2024,Spend Money,RSB Ventures Inc.,,267.51,0.00,"8,208.84",267.51,0.00
29 Apr 2024,Spend Money,RSB Ventures Inc.,,254.03,0.00,"8,462.87",254.03,0.00
02 May 2024,Spend Money,RSB Ventures Inc.,,265.82,0.00,"8,728.69",265.82,0.00
07 May 2024,Spend Money,PROSPERITY GLOBAL PETROLEUM INCORPORATED,,280.00,0.00,"9,008.69",280.00,0.00
10 May 2024,Spend Money,RSB Ventures Inc.,,270.28,0.00,"9,278.97",270.28,0.00
14 May 2024,Spend Money,RSB Ventures Inc.,,229.31,0.00,"9,508.28",229.31,0.00
18 May 2024,Spend Money,RSB Ventures Inc.,,259.89,0.00,"9,768.17",259.89,0.00
22 May 2024,Spend Money,RSB Ventures Inc.,,275.34,0.00,"10,043.51",275.34,0.00
27 May 2024,Spend Money,RSB Ventures Inc.,,248.47,0.00,"10,291.98",248.47,0.00
30 May 2024,Spend Money,RSB Ventures Inc.,,222.56,0.00,"10,514.54",222.56,0.00
03 Jun 2024,Spend Money,RSB Ventures Inc.,,256.24,0.00,"10,770.78",256.24,0.00
10 Jun 2024,Spend Money,RSB Ventures Inc.,,244.70,0.00,"11,015.48",244.70,0.00
13 Jun 2024,Spend Money,RSB Ventures Inc.,,246.92,0.00,"11,262.40",246.92,0.00
19 Jun 2024,Spend Money,RSB Ventures Inc.,,230.87,0.00,"11,493.27",230.87,0.00
24 Jun 2024,Spend Money,RSB Ventures Inc.,,284.41,0.00,"11,777.68",284.41,0.00
28 Jun 2024,Spend Money,RSB Ventures Inc.,,275.37,0.00,"12,053.05",275.37,0.00
02 Jul 2024,Spend Money,RSB Ventures Inc.,,258.53,0.00,"12,311.58",258.53,0.00
04 Jul 2024,Spend Money,RSB Ventures Inc.,,229.47,0.00,"12,541.05",229.47,0.00
09 Jul 2024,Spend Money,RSB Ventures Inc.,,299.48,0.00,"12,840.53",299.48,0.00
12 Jul 2024,Spend Money,RSB Ventures Inc.,,275.37,0.00,"13,115.90",275.37,0.00
20 Jul 2024,Spend Money,RSB Ventures Inc.,,233.44,0.00,"13,349.34",233.44,0.00
26 Jul 2024,Spend Money,RSB Ventures Inc.,,259.43,0.00,"13,608.77",259.43,0.00
30 Jul 2024,Spend Money,Not assigned,,30.00,0.00,"13,638.77",30.00,0.00
01 Aug 2024,Spend Money,RSB Ventures Inc.,,256.74,0.00,"13,895.51",256.74,0.00
06 Aug 2024,Spend Money,RSB Ventures Inc.,,271.55,0.00,"14,167.06",271.55,0.00
12 Aug 2024,Spend Money,RSB Ventures Inc.,,278.00,0.00,"14,445.06",278.00,0.00
16 Aug 2024,Spend Money,RSB Ventures Inc.,,242.78,0.00,"14,687.84",242.78,0.00
22 Aug 2024,Spend Money,RSB Ventures Inc.,,271.70,0.00,"14,959.54",271.70,0.00
28 Aug 2024,Spend Money,RSB Ventures Inc.,,245.50,0.00,"15,205.04",245.50,0.00
04 Sep 2024,Spend Money,RSB Ventures Inc.,,253.91,0.00,"15,458.95",253.91,0.00
10 Sep 2024,Spend Money,RSB Ventures Inc.,,224.95,0.00,"15,683.90",224.95,0.00
17 Sep 2024,Spend Money,RSB Ventures Inc.,,207.36,0.00,"15,891.26",207.36,0.00
23 Sep 2024,Spend Money,RSB Ventures Inc.,,223.56,0.00,"16,114.82",223.56,0.00
28 Sep 2024,Spend Money,RSB Ventures Inc.,,233.86,0.00,"16,348.68",233.86,0.00
04 Oct 2024,Spend Money,RSB Ventures Inc.,,239.59,0.00,"16,588.27",239.59,0.00
09 Oct 2024,Spend Money,RSB Ventures Inc.,,227.80,0.00,"16,816.07",227.80,0.00
15 Oct 2024,Spend Money,RSB Ventures Inc.,,240.19,0.00,"17,056.26",240.19,0.00
19 Oct 2024,Spend Money,RSB Ventures Inc.,,233.44,0.00,"17,289.70",233.44,0.00
26 Oct 2024,Spend Money,RSB Ventures Inc.,,211.29,0.00,"17,500.99",211.29,0.00
04 Nov 2024,Spend Money,RSB Ventures Inc.,,199.18,0.00,"17,700.17",199.18,0.00
09 Nov 2024,Spend Money,RSB Ventures Inc.,,223.97,0.00,"17,924.14",223.97,0.00
14 Nov 2024,Spend Money,RSB Ventures Inc.,,220.18,0.00,"18,144.32",220.18,0.00
18 Nov 2024,Spend Money,RSB Ventures Inc.,,226.85,0.00,"18,371.17",226.85,0.00
22 Nov 2024,Spend Money,RSB Ventures Inc.,,259.52,0.00,"18,630.69",259.52,0.00
26 Nov 2024,Spend Money,RSB Ventures Inc.,,247.64,0.00,"18,878.33",247.64,0.00
02 Dec 2024,Spend Money,RSB Ventures Inc.,,272.79,0.00,"19,151.12",272.79,0.00
06 Dec 2024,Spend Money,RSB Ventures Inc.,,265.82,0.00,"19,416.94",265.82,0.00
12 Dec 2024,Spend Money,RSB Ventures Inc.,,245.96,0.00,"19,662.90",245.96,0.00
15 Dec 2024,Spend Money,FV- MARKETING CORPORATION,,250.00,0.00,"19,912.90",250.00,0.00
19 Dec 2024,Spend Money,RSB Ventures Inc.,,241.86,0.00,"20,154.76",241.86,0.00
27 Dec 2024,Spend Money,RSB Ventures Inc.,,212.06,0.00,"20,366.82",212.06,0.00
Total Office Expense - Gas & Fuel,,,,"20,366.82",0.00,"20,366.82","20,771.81",404.99
,,,,,,,,
Office Expense - Meals,,,,,,,,
04 Jan 2024,Spend Money,Lira Purified Water Station - Water,,125.00,0.00,125.00,140.00,15.00
10 Jan 2024,Spend Money,Lira Purified Water Station - Water,,125.00,0.00,250.00,140.00,15.00
15 Jan 2024,Spend Money,Marjorie Relador - November 2023 Meal Reimbursement,,"3,000.00",0.00,"3,250.00","3,000.00",0.00
15 Jan 2024,Spend Money,Marjorie Relador - December 2023 Meal Reimbursement,,"2,850.00",0.00,"6,100.00","2,850.00",0.00
15 Jan 2024,Spend Money,Donnis Abarido - November 2023 Meal Reimbursement,,"2,550.00",0.00,"8,650.00","2,550.00",0.00
15 Jan 2024,Spend Money,Donnis Abarido - December 2023 Meal Reimbursement,,"1,650.00",0.00,"10,300.00","1,650.00",0.00
16 Jan 2024,Spend Money,Lira Purified Water Station - Water,,156.25,0.00,"10,456.25",175.00,18.75
17 Jan 2024,Spend Money,Grab,,229.00,0.00,"10,685.25",229.00,0.00
19 Jan 2024,Spend Money,Grab,,484.00,0.00,"11,169.25",484.00,0.00
20 Jan 2024,Spend Money,Lira Purified Water Station - Water,,125.00,0.00,"11,294.25",140.00,15.00
25 Jan 2024,Spend Money,Lira Purified Water Station - Water,,125.00,0.00,"11,419.25",140.00,15.00
26 Jan 2024,Spend Money,Grab,,903.00,0.00,"12,322.25",903.00,0.00
31 Jan 2024,Spend Money,Lira Purified Water Station - Water,,125.00,0.00,"12,447.25",140.00,15.00
03 Feb 2024,Spend Money,Grab,,438.00,0.00,"12,885.25",438.00,0.00
06 Feb 2024,Spend Money,Lira Purified Water Station - Water,,125.00,0.00,"13,010.25",140.00,15.00
13 Feb 2024,Spend Money,Lira Purified Water Station - Water,,125.00,0.00,"13,135.25",140.00,15.00
15 Feb 2024,Spend Money,Grab,,"3,309.00",0.00,"16,444.25","3,309.00",0.00
19 Feb 2024,Spend Money,Lira Purified Water Station - Water,,125.00,0.00,"16,569.25",140.00,15.00
21 Feb 2024,Spend Money,Lira Purified Water Station - Water,,125.00,0.00,"16,694.25",140.00,15.00
27 Feb 2024,Spend Money,Lira Purified Water Station - Water,,31.25,0.00,"16,725.50",35.00,3.75
27 Feb 2024,Spend Money,Lira Purified Water Station - Water,,125.00,0.00,"16,850.50",140.00,15.00
28 Feb 2024,Spend Money,Grab,,"1,239.00",0.00,"18,089.50","1,239.00",0.00
29 Feb 2024,Spend Money,Marjorie Relador - January 2024 Meal Reimbursement,,"3,900.00",0.00,"21,989.50","3,900.00",0.00
29 Feb 2024,Spend Money,Donnis Abarido - January 2024 Meal Reimbursement,,"2,400.00",0.00,"24,389.50","2,400.00",0.00
01 Mar 2024,Spend Money,Lira Purified Water Station - Water,,125.00,0.00,"24,514.50",140.00,15.00
06 Mar 2024,Spend Money,Lira Purified Water Station - Water,,125.00,0.00,"24,639.50",140.00,15.00
06 Mar 2024,Spend Money,Grab,,385.00,0.00,"25,024.50",385.00,0.00
06 Mar 2024,Spend Money,Grab,,"1,209.00",0.00,"26,233.50","1,209.00",0.00
07 Mar 2024,Spend Money,Grab,,461.00,0.00,"26,694.50",461.00,0.00
11 Mar 2024,Spend Money,Lira Purified Water Station - Water,,125.00,0.00,"26,819.50",140.00,15.00
11 Mar 2024,Spend Money,Grab,,380.20,0.00,"27,199.70",380.20,0.00
12 Mar 2024,Spend Money,Foodpanda,,729.00,0.00,"27,928.70",729.00,0.00
13 Mar 2024,Spend Money,Grab,,647.00,0.00,"28,575.70",647.00,0.00
13 Mar 2024,Spend Money,Grab,,420.00,0.00,"28,995.70",420.00,0.00
13 Mar 2024,Spend Money,Grab,,140.00,0.00,"29,135.70",140.00,0.00
14 Mar 2024,Spend Money,Grab,,"5,057.00",0.00,"34,192.70","5,057.00",0.00
15 Mar 2024,Spend Money,Lira Purified Water Station - Water,,156.25,0.00,"34,348.95",175.00,18.75
18 Mar 2024,Spend Money,Grab,,670.00,0.00,"35,018.95",670.00,0.00
19 Mar 2024,Spend Money,Lira Purified Water Station - Water,,125.00,0.00,"35,143.95",140.00,15.00
19 Mar 2024,Spend Money,Grab,,381.00,0.00,"35,524.95",381.00,0.00
21 Mar 2024,Spend Money,Grab,,"1,549.00",0.00,"37,073.95","1,549.00",0.00
27 Mar 2024,Spend Money,Grab - Project Meals,Cannes Directors Factory,"1,465.20",0.00,"38,539.15","1,465.20",0.00
29 Mar 2024,Spend Money,Grab,,860.40,0.00,"39,399.55",860.40,0.00
03 Apr 2024,Spend Money,Grab,,664.00,0.00,"40,063.55",664.00,0.00
04 Apr 2024,Spend Money,Grab,,670.00,0.00,"40,733.55",670.00,0.00
15 Apr 2024,Spend Money,Grab,,"1,702.00",0.00,"42,435.55","1,702.00",0.00
19 Apr 2024,Spend Money,Grab,,670.00,0.00,"43,105.55",670.00,0.00
30 Apr 2024,Spend Money,Donnis Abarido - February 2024 Meal Reimbursement,,"1,650.00",0.00,"44,755.55","1,650.00",0.00
30 Apr 2024,Spend Money,Marjorie Relador - February 2024 Meal Reimbursement,,"3,000.00",0.00,"47,755.55","3,000.00",0.00
03 May 2024,Spend Money,Grab,,"2,339.00",0.00,"50,094.55","2,339.00",0.00
09 May 2024,Spend Money,Grab,,649.00,0.00,"50,743.55",649.00,0.00
13 May 2024,Spend Money,Grab,,"1,346.00",0.00,"52,089.55","1,346.00",0.00
01 Jul 2024,Spend Money,Grab,,354.00,0.00,"52,443.55",354.00,0.00
03 Jul 2024,Spend Money,Grab,,365.00,0.00,"52,808.55",365.00,0.00
04 Jul 2024,Spend Money,Grab,,"3,160.00",0.00,"55,968.55","3,160.00",0.00
08 Jul 2024,Spend Money,Grab,,983.00,0.00,"56,951.55",983.00,0.00
16 Jul 2024,Spend Money,Marjorie Relador - February 2024 Meal Reimbursement,,600.00,0.00,"57,551.55",600.00,0.00
16 Jul 2024,Spend Money,Marjorie Relador - April 2024 Meal Reimbursement,,"2,700.00",0.00,"60,251.55","2,700.00",0.00
16 Jul 2024,Spend Money,Marjorie Relador - May 2024 Meal Reimbursement,,"3,900.00",0.00,"64,151.55","3,900.00",0.00
16 Jul 2024,Spend Money,Marjorie Relador - June 2024 Meal Reimbursement,,"3,000.00",0.00,"67,151.55","3,000.00",0.00
16 Jul 2024,Spend Money,Donnis Abarido - March-June 2024 Meal Reimbursement,,"3,000.00",0.00,"70,151.55","3,000.00",0.00
17 Jul 2024,Spend Money,Marjorie Relador - March 2024 Meal Reimbursement,,"3,900.00",0.00,"74,051.55","3,900.00",0.00
24 Jul 2024,Spend Money,Noemi Paguiligan,,"1,199.00",0.00,"75,250.55","1,199.00",0.00
26 Jul 2024,Spend Money,Grab,,258.50,0.00,"75,509.05",258.50,0.00
29 Jul 2024,Spend Money,Grab,,223.00,0.00,"75,732.05",223.00,0.00
02 Aug 2024,Spend Money,Grab,,480.00,0.00,"76,212.05",480.00,0.00
12 Aug 2024,Spend Money,Grab,,"1,939.00",0.00,"78,151.05","1,939.00",0.00
14 Aug 2024,Payable Invoice,Jam Vergara - food reimbursement,Un/Happy For You,"3,049.00",0.00,"81,200.05","3,049.00",0.00
18 Aug 2024,Payable Invoice,Cyril Bautista - Meals,Pagtatag,"1,534.00",0.00,"82,734.05","1,534.00",0.00
19 Aug 2024,Payable Invoice,Cyril Bautista - Meals,Pagtatag,"1,333.00",0.00,"84,067.05","1,333.00",0.00
19 Aug 2024,Spend Money,Golden Arches Development Corporation,,233.00,0.00,"84,300.05",233.00,0.00
20 Aug 2024,Spend Money,Golden Arches Development Corporation,,498.00,0.00,"84,798.05",498.00,0.00
10 Sep 2024,Spend Money,Grab,,"1,284.00",0.00,"86,082.05","1,284.00",0.00
12 Sep 2024,Payable Invoice,Jam Vergara - Food,,"2,329.00",0.00,"88,411.05","2,329.00",0.00
13 Sep 2024,Spend Money,Grab,,"1,438.00",0.00,"89,849.05","1,438.00",0.00
18 Sep 2024,Spend Money,Grab,,924.00,0.00,"90,773.05",924.00,0.00
20 Sep 2024,Spend Money,Grab,,856.00,0.00,"91,629.05",856.00,0.00
28 Sep 2024,Spend Money,Grab,,867.00,0.00,"92,496.05",867.00,0.00
04 Oct 2024,Spend Money,Grab,,"4,356.00",0.00,"96,852.05","4,356.00",0.00
04 Oct 2024,Spend Money,Grab,,"1,587.00",0.00,"98,439.05","1,587.00",0.00
07 Oct 2024,Payable Invoice,Cyril Bautista - Meals,,"1,495.00",0.00,"99,934.05","1,495.00",0.00
10 Oct 2024,Spend Money,Grab,,"4,645.00",0.00,"104,579.05","4,645.00",0.00
14 Oct 2024,Spend Money,Grab,,"1,940.00",0.00,"106,519.05","1,940.00",0.00
17 Oct 2024,Spend Money,Marjorie Relador - July 2024 Meal Reimbursement,,"3,150.00",0.00,"109,669.05","3,150.00",0.00
17 Oct 2024,Spend Money,Marjorie Relador - August 2024 Meal Reimbursement,,"3,150.00",0.00,"112,819.05","3,150.00",0.00
17 Oct 2024,Spend Money,Marjorie Relador - September 2024 Meal Reimbursement,,"3,150.00",0.00,"115,969.05","3,150.00",0.00
17 Oct 2024,Spend Money,Donnis Abarido - July 2024 Meal Reimbursement,,"2,250.00",0.00,"118,219.05","2,250.00",0.00
17 Oct 2024,Spend Money,Donnis Abarido - August 2024 Meal Reimbursement,,"1,350.00",0.00,"119,569.05","1,350.00",0.00
17 Oct 2024,Spend Money,Donnis Abarido - September 2024 Meal Reimbursement,,"1,500.00",0.00,"121,069.05","1,500.00",0.00
18 Oct 2024,Spend Money,Grab,,"1,221.00",0.00,"122,290.05","1,221.00",0.00
21 Oct 2024,Spend Money,Grab,,245.00,0.00,"122,535.05",245.00,0.00
10 Nov 2024,Spend Money,Grab,,576.00,0.00,"123,111.05",576.00,0.00
11 Nov 2024,Spend Money,Grab,,251.00,0.00,"123,362.05",251.00,0.00
13 Nov 2024,Spend Money,Grab,,291.00,0.00,"123,653.05",291.00,0.00
21 Nov 2024,Spend Money,Grab,,723.00,0.00,"124,376.05",723.00,0.00
29 Nov 2024,Spend Money,Grab,,406.00,0.00,"124,782.05",406.00,0.00
30 Nov 2024,Spend Money,Grab,,"1,995.00",0.00,"126,777.05","1,995.00",0.00
13 Dec 2024,Spend Money,Grab,,999.00,0.00,"127,776.05",999.00,0.00
17 Dec 2024,Spend Money,Grab,,"1,510.00",0.00,"129,286.05","1,510.00",0.00
19 Dec 2024,Spend Money,Grab,,980.00,0.00,"130,266.05",980.00,0.00
20 Dec 2024,Spend Money,Grab,,"1,926.00",0.00,"132,192.05","1,926.00",0.00
21 Dec 2024,Spend Money,Grab,,"1,076.00",0.00,"133,268.05","1,076.00",0.00
26 Dec 2024,Spend Money,Grab,,395.00,0.00,"133,663.05",395.00,0.00
31 Dec 2024,Spend Money,Grab,,420.30,0.00,"134,083.35",420.30,0.00
Total Office Expense - Meals,,,,"134,083.35",0.00,"134,083.35","134,334.60",251.25
,,,,,,,,
Office Expense - Meetings,,,,,,,,
03 Apr 2024,Spend Money,Borro,,"2,821.25",0.00,"2,821.25","2,821.25",0.00
16 Apr 2024,Spend Money,Max's Kitchen Inc.,,755.00,0.00,"3,576.25",755.00,0.00
22 Apr 2024,Spend Money,Grab,,"1,014.00",0.00,"4,590.25","1,014.00",0.00
27 Apr 2024,Spend Money,Grab,,"1,087.00",0.00,"5,677.25","1,087.00",0.00
31 Jul 2024,Spend Money,Grab,,561.00,0.00,"6,238.25",561.00,0.00
31 Jul 2024,Spend Money,Grab,,555.00,0.00,"6,793.25",555.00,0.00
01 Aug 2024,Spend Money,Grab,,"4,810.00",0.00,"11,603.25","4,810.00",0.00
07 Nov 2024,Spend Money,Grab,,"4,065.00",0.00,"15,668.25","4,065.00",0.00
10 Dec 2024,Spend Money,Grab,,"5,008.00",0.00,"20,676.25","5,008.00",0.00
Total Office Expense - Meetings,,,,"20,676.25",0.00,"20,676.25","20,676.25",0.00
,,,,,,,,
Office Expense - Pantry Supplies,,,,,,,,
03 Jan 2024,Spend Money,"Puregold Price Club, Inc.",,837.05,0.00,837.05,937.50,100.45
11 Jan 2024,Spend Money,Jamboree Expresslane Minimart,,115.00,0.00,952.05,115.00,0.00
15 Jan 2024,Spend Money,Not assigned,,359.00,0.00,"1,311.05",359.00,0.00
16 Jan 2024,Spend Money,"Puregold Price Club, Inc.",,936.70,0.00,"2,247.75",936.70,0.00
18 Jan 2024,Spend Money,Not assigned,,69.00,0.00,"2,316.75",69.00,0.00
29 Jan 2024,Spend Money,"Puregold Price Club, Inc.",,914.00,0.00,"3,230.75",914.00,0.00
07 Feb 2024,Spend Money,"Puregold Price Club, Inc.",,805.25,0.00,"4,036.00",805.25,0.00
12 Feb 2024,Spend Money,Familyhealth & Beauty Corp.,,995.00,0.00,"5,031.00",995.00,0.00
15 Feb 2024,Spend Money,"Puregold Price Club, Inc.",,968.75,0.00,"5,999.75",968.75,0.00
19 Feb 2024,Spend Money,Jamboree Expresslane Minimart,,82.00,0.00,"6,081.75",82.00,0.00
27 Feb 2024,Spend Money,Jamboree Expresslane Minimart,,495.75,0.00,"6,577.50",495.75,0.00
27 Feb 2024,Spend Money,Jamboree Expresslane Minimart,,"1,149.50",0.00,"7,727.00","1,149.50",0.00
27 Feb 2024,Spend Money,Not assigned,,157.00,0.00,"7,884.00",157.00,0.00
01 Mar 2024,Spend Money,Jamboree Expresslane Minimart,,354.50,0.00,"8,238.50",354.50,0.00
04 Mar 2024,Spend Money,"Puregold Price Club, Inc.",,"1,390.95",0.00,"9,629.45","1,390.95",0.00
11 Mar 2024,Spend Money,"Puregold Price Club, Inc.",,887.45,0.00,"10,516.90",887.45,0.00
14 Mar 2024,Spend Money,Not assigned,,100.00,0.00,"10,616.90",100.00,0.00
15 Mar 2024,Spend Money,Kevin Padilla - Hazelnut Coffee,,"1,285.71",0.00,"11,902.61","1,440.00",154.29
15 Mar 2024,Spend Money,Jamboree Expresslane Minimart,,252.30,0.00,"12,154.91",252.30,0.00
18 Mar 2024,Spend Money,Jamboree Expresslane Minimart,,137.75,0.00,"12,292.66",137.75,0.00
21 Mar 2024,Spend Money,"Puregold Price Club, Inc.",,955.50,0.00,"13,248.16",955.50,0.00
22 Mar 2024,Spend Money,Lira Purified Water Station,,140.00,0.00,"13,388.16",140.00,0.00
01 Apr 2024,Spend Money,Lira Purified Water Station,,175.00,0.00,"13,563.16",175.00,0.00
01 Apr 2024,Spend Money,"Puregold Price Club, Inc.",,236.50,0.00,"13,799.66",236.50,0.00
04 Apr 2024,Spend Money,Lira Purified Water Station,,140.00,0.00,"13,939.66",140.00,0.00
04 Apr 2024,Spend Money,"Puregold Price Club, Inc.",,"1,923.00",0.00,"15,862.66","1,923.00",0.00
08 Apr 2024,Spend Money,Lira Purified Water Station,,140.00,0.00,"16,002.66",140.00,0.00
13 Apr 2024,Spend Money,Lira Purified Water Station,,105.00,0.00,"16,107.66",105.00,0.00
16 Apr 2024,Spend Money,Lira Purified Water Station,,105.00,0.00,"16,212.66",105.00,0.00
16 Apr 2024,Spend Money,"Puregold Price Club, Inc.",,931.00,0.00,"17,143.66",931.00,0.00
19 Apr 2024,Spend Money,Lira Purified Water Station,,105.00,0.00,"17,248.66",105.00,0.00
22 Apr 2024,Spend Money,"Puregold Price Club, Inc.",,470.00,0.00,"17,718.66",470.00,0.00
24 Apr 2024,Spend Money,Lira Purified Water Station,,140.00,0.00,"17,858.66",140.00,0.00
29 Apr 2024,Spend Money,Lira Purified Water Station,,140.00,0.00,"17,998.66",140.00,0.00
03 May 2024,Spend Money,Jerico Xandrome Reyes - Supplies,,"1,500.00",0.00,"19,498.66","1,500.00",0.00
03 May 2024,Spend Money,Lira Purified Water Station,,105.00,0.00,"19,603.66",105.00,0.00
03 May 2024,Spend Money,"Puregold Price Club, Inc.",,838.50,0.00,"20,442.16",838.50,0.00
03 May 2024,Spend Money,"Puregold Price Club, Inc.",,340.50,0.00,"20,782.66",340.50,0.00
07 May 2024,Spend Money,Lira Purified Water Station,,105.00,0.00,"20,887.66",105.00,0.00
09 May 2024,Spend Money,Not assigned - ALCOHOL,,"1,400.00",0.00,"22,287.66","1,400.00",0.00
10 May 2024,Spend Money,Lira Purified Water Station,,105.00,0.00,"22,392.66",105.00,0.00
13 May 2024,Spend Money,"Puregold Price Club, Inc.",,872.25,0.00,"23,264.91",872.25,0.00
14 May 2024,Spend Money,Lira Purified Water Station,,105.00,0.00,"23,369.91",105.00,0.00
14 May 2024,Spend Money,"Puregold Price Club, Inc.",,387.50,0.00,"23,757.41",387.50,0.00
17 May 2024,Spend Money,Lira Purified Water Station,,105.00,0.00,"23,862.41",105.00,0.00
18 May 2024,Spend Money,"Puregold Price Club, Inc.",,884.50,0.00,"24,746.91",884.50,0.00
22 May 2024,Spend Money,Lira Purified Water Station,,105.00,0.00,"24,851.91",105.00,0.00
27 May 2024,Spend Money,Lira Purified Water Station,,105.00,0.00,"24,956.91",105.00,0.00
27 May 2024,Spend Money,"Puregold Price Club, Inc.",,410.00,0.00,"25,366.91",410.00,0.00
27 May 2024,Spend Money,"Puregold Price Club, Inc.",,496.50,0.00,"25,863.41",496.50,0.00
31 May 2024,Spend Money,Lira Purified Water Station,,140.00,0.00,"26,003.41",140.00,0.00
31 May 2024,Spend Money,"Puregold Price Club, Inc.",,779.50,0.00,"26,782.91",779.50,0.00
04 Jun 2024,Spend Money,Lira Purified Water Station,,105.00,0.00,"26,887.91",105.00,0.00
07 Jun 2024,Spend Money,Lira Purified Water Station,,140.00,0.00,"27,027.91",140.00,0.00
07 Jun 2024,Spend Money,"Puregold Price Club, Inc.",,"1,090.25",0.00,"28,118.16","1,090.25",0.00
11 Jun 2024,Spend Money,Lira Purified Water Station,,140.00,0.00,"28,258.16",140.00,0.00
11 Jun 2024,Spend Money,"Puregold Price Club, Inc.",,224.00,0.00,"28,482.16",224.00,0.00
18 Jun 2024,Spend Money,Lira Purified Water Station,,140.00,0.00,"28,622.16",140.00,0.00
18 Jun 2024,Spend Money,Jamboree Expresslane Minimart,,205.25,0.00,"28,827.41",205.25,0.00
21 Jun 2024,Spend Money,Lira Purified Water Station,,140.00,0.00,"28,967.41",140.00,0.00
21 Jun 2024,Spend Money,"Puregold Price Club, Inc.",,"1,032.20",0.00,"29,999.61","1,032.20",0.00
26 Jun 2024,Spend Money,Lira Purified Water Station,,140.00,0.00,"30,139.61",140.00,0.00
26 Jun 2024,Spend Money,"Puregold Price Club, Inc.",,"1,024.75",0.00,"31,164.36","1,024.75",0.00
29 Jun 2024,Spend Money,Lira Purified Water Station,,140.00,0.00,"31,304.36",140.00,0.00
01 Jul 2024,Spend Money,"Puregold Price Club, Inc.",,425.25,0.00,"31,729.61",425.25,0.00
04 Jul 2024,Spend Money,Lira Purified Water Station,,140.00,0.00,"31,869.61",140.00,0.00
04 Jul 2024,Spend Money,"Puregold Price Club, Inc.",,371.25,0.00,"32,240.86",371.25,0.00
09 Jul 2024,Spend Money,Lira Purified Water Station,,140.00,0.00,"32,380.86",140.00,0.00
09 Jul 2024,Spend Money,"Puregold Price Club, Inc.",,458.00,0.00,"32,838.86",458.00,0.00
13 Jul 2024,Spend Money,"Puregold Price Club, Inc.",,476.50,0.00,"33,315.36",476.50,0.00
15 Jul 2024,Spend Money,Lira Purified Water Station,,140.00,0.00,"33,455.36",140.00,0.00
20 Jul 2024,Spend Money,Lira Purified Water Station,,105.00,0.00,"33,560.36",105.00,0.00
20 Jul 2024,Spend Money,"Puregold Price Club, Inc.",,510.25,0.00,"34,070.61",510.25,0.00
26 Jul 2024,Spend Money,Lira Purified Water Station,,140.00,0.00,"34,210.61",140.00,0.00
26 Jul 2024,Spend Money,"Puregold Price Club, Inc.",,983.50,0.00,"35,194.11",983.50,0.00
30 Jul 2024,Payable Invoice,Cyril Bautista - Reimbursement,,928.00,0.00,"36,122.11",928.00,0.00
30 Jul 2024,Spend Money,Lira Purified Water Station,,105.00,0.00,"36,227.11",105.00,0.00
31 Jul 2024,Spend Money,Watsons Personal Care Stores Inc.,,463.00,0.00,"36,690.11",463.00,0.00
02 Aug 2024,Spend Money,Lira Purified Water Station,,140.00,0.00,"36,830.11",140.00,0.00
02 Aug 2024,Spend Money,"Puregold Price Club, Inc.",,798.50,0.00,"37,628.61",798.50,0.00
07 Aug 2024,Spend Money,Lira Purified Water Station,,105.00,0.00,"37,733.61",105.00,0.00
07 Aug 2024,Spend Money,"Puregold Price Club, Inc.",,892.21,0.00,"38,625.82",892.21,0.00
09 Aug 2024,Spend Money,Lira Purified Water Station,,105.00,0.00,"38,730.82",105.00,0.00
13 Aug 2024,Spend Money,"Puregold Price Club, Inc.",,380.50,0.00,"39,111.32",380.50,0.00
14 Aug 2024,Spend Money,Lira Purified Water Station,,105.00,0.00,"39,216.32",105.00,0.00
20 Aug 2024,Spend Money,Lira Purified Water Station,,140.00,0.00,"39,356.32",140.00,0.00
21 Aug 2024,Spend Money,"Puregold Price Club, Inc.",,732.80,0.00,"40,089.12",732.80,0.00
27 Aug 2024,Spend Money,Lira Purified Water Station,,140.00,0.00,"40,229.12",140.00,0.00
30 Aug 2024,Spend Money,Kevin Padilla - Benguet Coffee,,"1,128.57",0.00,"41,357.69","1,264.00",135.43
30 Aug 2024,Payable Invoice,Kevin Padilla - Coffee,,"1,760.00",0.00,"43,117.69","1,760.00",0.00
30 Aug 2024,Spend Money,Lira Purified Water Station,,105.00,0.00,"43,222.69",105.00,0.00
30 Aug 2024,Spend Money,"Puregold Price Club, Inc.",,813.45,0.00,"44,036.14",813.45,0.00
04 Sep 2024,Spend Money,"Puregold Price Club, Inc.",,398.25,0.00,"44,434.39",398.25,0.00
05 Sep 2024,Spend Money,Watsons Personal Care Stores Inc.,,298.00,0.00,"44,732.39",298.00,0.00
09 Sep 2024,Spend Money,Lira Purified Water Station,,105.00,0.00,"44,837.39",105.00,0.00
10 Sep 2024,Spend Money,"Puregold Price Club, Inc.",,401.25,0.00,"45,238.64",401.25,0.00
11 Sep 2024,Spend Money,"Puregold Price Club, Inc.",,157.00,0.00,"45,395.64",157.00,0.00
12 Sep 2024,Spend Money,Lira Purified Water Station,,105.00,0.00,"45,500.64",105.00,0.00
12 Sep 2024,Spend Money,"Puregold Price Club, Inc.",,546.25,0.00,"46,046.89",546.25,0.00
17 Sep 2024,Spend Money,"Puregold Price Club, Inc.",,530.25,0.00,"46,577.14",530.25,0.00
18 Sep 2024,Spend Money,Lira Purified Water Station,,105.00,0.00,"46,682.14",105.00,0.00
20 Sep 2024,Spend Money,"Puregold Price Club, Inc.",,316.00,0.00,"46,998.14",316.00,0.00
23 Sep 2024,Spend Money,Lira Purified Water Station,,140.00,0.00,"47,138.14",140.00,0.00
26 Sep 2024,Spend Money,Lira Purified Water Station,,105.00,0.00,"47,243.14",105.00,0.00
26 Sep 2024,Spend Money,"Puregold Price Club, Inc.",,873.00,0.00,"48,116.14",873.00,0.00
01 Oct 2024,Spend Money,Lira Purified Water Station,,105.00,0.00,"48,221.14",105.00,0.00
01 Oct 2024,Spend Money,"Puregold Price Club, Inc.",,606.50,0.00,"48,827.64",606.50,0.00
07 Oct 2024,Payable Invoice,Kevin Padilla - Coffee for the office,,"1,260.00",0.00,"50,087.64","1,260.00",0.00
07 Oct 2024,Spend Money,Lira Purified Water Station,,140.00,0.00,"50,227.64",140.00,0.00
07 Oct 2024,Spend Money,"Puregold Price Club, Inc.",,471.75,0.00,"50,699.39",471.75,0.00
09 Oct 2024,Spend Money,"Puregold Price Club, Inc.",,975.15,0.00,"51,674.54",975.15,0.00
12 Oct 2024,Spend Money,Lira Purified Water Station,,140.00,0.00,"51,814.54",140.00,0.00
15 Oct 2024,Spend Money,"Puregold Price Club, Inc.",,624.00,0.00,"52,438.54",624.00,0.00
17 Oct 2024,Spend Money,Lira Purified Water Station,,105.00,0.00,"52,543.54",105.00,0.00
17 Oct 2024,Spend Money,Jamboree Expresslane Minimart,,96.00,0.00,"52,639.54",96.00,0.00
18 Oct 2024,Spend Money,"Puregold Price Club, Inc.",,337.50,0.00,"52,977.04",337.50,0.00
18 Oct 2024,Spend Money,Watsons Personal Care Stores Inc.,,397.64,0.00,"53,374.68",397.64,0.00
21 Oct 2024,Spend Money,"Puregold Price Club, Inc.",,320.43,0.00,"53,695.11",320.43,0.00
22 Oct 2024,Spend Money,Lira Purified Water Station,,105.00,0.00,"53,800.11",105.00,0.00
24 Oct 2024,Spend Money,"Puregold Price Club, Inc.",,410.00,0.00,"54,210.11",410.00,0.00
25 Oct 2024,Spend Money,"Puregold Price Club, Inc.",,669.35,0.00,"54,879.46",669.35,0.00
29 Oct 2024,Spend Money,Lira Purified Water Station,,105.00,0.00,"54,984.46",105.00,0.00
29 Oct 2024,Spend Money,"Puregold Price Club, Inc.",,283.25,0.00,"55,267.71",283.25,0.00
04 Nov 2024,Spend Money,Lira Purified Water Station,,200.00,0.00,"55,467.71",200.00,0.00
05 Nov 2024,Spend Money,"Puregold Price Club, Inc.",,546.80,0.00,"56,014.51",546.80,0.00
07 Nov 2024,Spend Money,Lira Purified Water Station,,105.00,0.00,"56,119.51",105.00,0.00
11 Nov 2024,Spend Money,Lira Purified Water Station,,105.00,0.00,"56,224.51",105.00,0.00
11 Nov 2024,Spend Money,"Puregold Price Club, Inc.",,"1,000.75",0.00,"57,225.26","1,000.75",0.00
15 Nov 2024,Spend Money,Lira Purified Water Station,,105.00,0.00,"57,330.26",105.00,0.00
16 Nov 2024,Spend Money,"Puregold Price Club, Inc.",,408.30,0.00,"57,738.56",408.30,0.00
16 Nov 2024,Spend Money,"Puregold Price Club, Inc.",,784.05,0.00,"58,522.61",784.05,0.00
20 Nov 2024,Spend Money,Lira Purified Water Station,,105.00,0.00,"58,627.61",105.00,0.00
23 Nov 2024,Spend Money,Lira Purified Water Station,,105.00,0.00,"58,732.61",105.00,0.00
25 Nov 2024,Spend Money,"Puregold Price Club, Inc.",,900.00,0.00,"59,632.61",900.00,0.00
28 Nov 2024,Spend Money,Lira Purified Water Station,,105.00,0.00,"59,737.61",105.00,0.00
28 Nov 2024,Spend Money,"Puregold Price Club, Inc.",,511.00,0.00,"60,248.61",511.00,0.00
28 Nov 2024,Spend Money,Jamboree Expresslane Minimart,,97.50,0.00,"60,346.11",97.50,0.00
29 Nov 2024,Payable Invoice,Cyril Bautista - Coffee for the office,,"1,260.00",0.00,"61,606.11","1,260.00",0.00
03 Dec 2024,Spend Money,Lira Purified Water Station,,140.00,0.00,"61,746.11",140.00,0.00
03 Dec 2024,Spend Money,"Puregold Price Club, Inc.",,537.75,0.00,"62,283.86",537.75,0.00
05 Dec 2024,Spend Money,Lira Purified Water Station,,105.00,0.00,"62,388.86",105.00,0.00
05 Dec 2024,Spend Money,"Puregold Price Club, Inc.",,644.90,0.00,"63,033.76",644.90,0.00
10 Dec 2024,Spend Money,Lira Purified Water Station,,105.00,0.00,"63,138.76",105.00,0.00
10 Dec 2024,Spend Money,HI-TOP SUPERMART INC.,,"1,104.75",0.00,"64,243.51","1,104.75",0.00
14 Dec 2024,Spend Money,Lira Purified Water Station,,140.00,0.00,"64,383.51",140.00,0.00
14 Dec 2024,Spend Money,Jamboree Expresslane Minimart,,130.00,0.00,"64,513.51",130.00,0.00
16 Dec 2024,Spend Money,"Puregold Price Club, Inc.",,600.65,0.00,"65,114.16",600.65,0.00
20 Dec 2024,Spend Money,Lira Purified Water Station,,105.00,0.00,"65,219.16",105.00,0.00
23 Dec 2024,Spend Money,Not assigned - UTENSILS HOLDER & REF TOWEL,,229.00,0.00,"65,448.16",229.00,0.00
24 Dec 2024,Spend Money,Not assigned,,480.00,0.00,"65,928.16",480.00,0.00
27 Dec 2024,Spend Money,"Puregold Price Club, Inc.",,343.75,0.00,"66,271.91",343.75,0.00
Total Office Expense - Pantry Supplies,,,,"66,271.91",0.00,"66,271.91","66,662.08",390.17
,,,,,,,,
Office Expense - Transportation Cost,,,,,,,,
09 Jan 2024,Spend Money,Taxi-Taxi Bluecab Trans. Corp,,166.50,0.00,166.50,166.50,0.00
09 Jan 2024,Spend Money,Agusto Broqueza Zamse Taxi,,387.00,0.00,553.50,387.00,0.00
21 Mar 2024,Spend Money,Grab,,144.00,0.00,697.50,144.00,0.00
11 Jun 2024,Spend Money,Not assigned - DCP,,391.00,0.00,"1,088.50",391.00,0.00
29 Jun 2024,Spend Money,Grab,,282.00,0.00,"1,370.50",282.00,0.00
21 Jul 2024,Spend Money,Grab,,260.00,0.00,"1,630.50",260.00,0.00
08 Aug 2024,Payable Invoice,Kevin Padilla - Grab - NAIA to Office,Un/Happy For You,537.00,0.00,"2,167.50",537.00,0.00
08 Aug 2024,Payable Invoice,Kevin Padilla - Grab - Office to NAIA,Un/Happy For You,526.00,0.00,"2,693.50",526.00,0.00
14 Aug 2024,Spend Money,Grab,,238.00,0.00,"2,931.50",238.00,0.00
05 Dec 2024,Spend Money,Agoda - Transportation,Moonglow,"21,204.51",0.00,"24,136.01","21,204.51",0.00
12 Dec 2024,Spend Money,Grab,,266.30,0.00,"24,402.31",266.30,0.00
Total Office Expense - Transportation Cost,,,,"24,402.31",0.00,"24,402.31","24,402.31",0.00
,,,,,,,,
Office Expense - Utility/Labor,,,,,,,,
07 Feb 2024,Spend Money,Rhon Angelo Carbonell - Cable Rental for Network,,500.00,0.00,500.00,500.00,0.00
25 Feb 2024,Payable Invoice,Donato Ebuan - Network,Network,"15,000.00",0.00,"15,500.00","15,000.00",0.00
28 Feb 2024,Spend Money,Eduardo Jr Pombuena - TF Utility 28 Feb 2024,,"1,500.00",0.00,"17,000.00","1,500.00",0.00
29 Feb 2024,Spend Money,Eduardo Jr Pombuena - TF Utility 29 Feb 2024,,"1,500.00",0.00,"18,500.00","1,500.00",0.00
01 Mar 2024,Spend Money,Eduardo Jr Pombuena - TF Utility 01 Mar 2024,,"1,500.00",0.00,"20,000.00","1,500.00",0.00
02 Apr 2024,Spend Money,Darwin Loo - TF Utility 02 April 2024,,"1,500.00",0.00,"21,500.00","1,500.00",0.00
Total Office Expense - Utility/Labor,,,,"21,500.00",0.00,"21,500.00","21,500.00",0.00
,,,,,,,,
Office Expenses - Miscellaneous,,,,,,,,
05 Jan 2024,Spend Money,"AXXESS MASTERS & SOLUTIONS, INC. - Parking Fee",,30.00,0.00,30.00,30.00,0.00
08 Jan 2024,Spend Money,"AXXESS MASTERS & SOLUTIONS, INC. - Parking Fee",,30.00,0.00,60.00,30.00,0.00
17 Jan 2024,Spend Money,North Triangle Depot Commercial Corporation,,50.00,0.00,110.00,50.00,0.00
07 Feb 2024,Spend Money,"Makati Parking Authority, Inc - Parking Fee",,40.00,0.00,150.00,40.00,0.00
07 Feb 2024,Spend Money,"AXXESS MASTERS & SOLUTIONS, INC.",,30.00,0.00,180.00,30.00,0.00
16 Feb 2024,Spend Money,Professional Parking Management Corporation - Parking,,60.00,0.00,240.00,60.00,0.00
22 Feb 2024,Spend Money,"Makati Parking Authority, Inc",,40.00,0.00,280.00,40.00,0.00
06 Mar 2024,Spend Money,"Makati Parking Authority, Inc",,40.00,0.00,320.00,40.00,0.00
13 Mar 2024,Spend Money,"Makati Parking Authority, Inc",,40.00,0.00,360.00,40.00,0.00
19 Mar 2024,Spend Money,"Toplis Solutions, Inc.",,65.00,0.00,425.00,65.00,0.00
19 Mar 2024,Spend Money,"Toplis Solutions, Inc.",,65.00,0.00,490.00,65.00,0.00
20 Mar 2024,Spend Money,"Makati Parking Authority, Inc",,80.00,0.00,570.00,80.00,0.00
22 Mar 2024,Spend Money,"AXXESS MASTERS & SOLUTIONS, INC.",,90.00,0.00,660.00,90.00,0.00
03 Apr 2024,Spend Money,"Makati Parking Authority, Inc - Parking Fee",,40.00,0.00,700.00,40.00,0.00
12 Apr 2024,Spend Money,Professional Parking Management Corporation - Parking Fee,,60.00,0.00,760.00,60.00,0.00
18 Apr 2024,Spend Money,Professional Parking Management Corporation - Parking Fee,,60.00,0.00,820.00,60.00,0.00
25 Apr 2024,Spend Money,"AXXESS MASTERS & SOLUTIONS, INC. - Parking Fee",,40.00,0.00,860.00,40.00,0.00
25 Apr 2024,Spend Money,Professional Parking Management Corporation - Parking Fee,,60.00,0.00,920.00,60.00,0.00
08 May 2024,Spend Money,Professional Parking Management Corporation - Parking Fee,,60.00,0.00,980.00,60.00,0.00
22 May 2024,Spend Money,Professional Parking Management Corporation - Parking Fee,,60.00,0.00,"1,040.00",60.00,0.00
23 May 2024,Spend Money,Professional Parking Management Corporation - Parking Fee,,60.00,0.00,"1,100.00",60.00,0.00
31 May 2024,Spend Money,Professional Parking Management Corporation - Parking Fee,,60.00,0.00,"1,160.00",60.00,0.00
22 Jun 2024,Spend Money,Not assigned - Parking Fee,,50.00,0.00,"1,210.00",50.00,0.00
25 Jun 2024,Spend Money,Jerico Xandrome Reyes - Reimbursement Phone Repair,,900.00,0.00,"2,110.00",900.00,0.00
25 Jun 2024,Spend Money,"AXXESS MASTERS & SOLUTIONS, INC. - Parking Fee",,40.00,0.00,"2,150.00",40.00,0.00
26 Jun 2024,Spend Money,Professional Dryseal and Self-Inking - Reimbursement BIR Stamps,,600.00,0.00,"2,750.00",600.00,0.00
28 Jun 2024,Spend Money,Professional Parking Management Corporation - Parking Fee,,60.00,0.00,"2,810.00",60.00,0.00
01 Jul 2024,Spend Money,Not assigned - Gcash out fee,,20.00,0.00,"2,830.00",20.00,0.00
03 Jul 2024,Spend Money,Professional Parking Management Corporation - Parking Fee,,60.00,0.00,"2,890.00",60.00,0.00
05 Jul 2024,Spend Money,Not assigned - Gcash out fee,,30.00,0.00,"2,920.00",30.00,0.00
05 Jul 2024,Spend Money,Not assigned - FEATHER DUST,,70.00,0.00,"2,990.00",70.00,0.00
11 Jul 2024,Spend Money,Professional Parking Management Corporation - Parking Fee,,60.00,0.00,"3,050.00",60.00,0.00
12 Jul 2024,Spend Money,Professional Parking Management Corporation - Parking Fee,,60.00,0.00,"3,110.00",60.00,0.00
15 Jul 2024,Spend Money,Not assigned - Gcash out fee,,40.00,0.00,"3,150.00",40.00,0.00
19 Jul 2024,Spend Money,"AXXESS MASTERS & SOLUTIONS, INC. - Parking Fee",,40.00,0.00,"3,190.00",40.00,0.00
26 Jul 2024,Spend Money,"AXXESS MASTERS & SOLUTIONS, INC. - Parking Fee",,40.00,0.00,"3,230.00",40.00,0.00
26 Jul 2024,Spend Money,Professional Parking Management Corporation - Parking Fee,,60.00,0.00,"3,290.00",60.00,0.00
09 Aug 2024,Spend Money,Not assigned - Gcash out fee,,30.00,0.00,"3,320.00",30.00,0.00
27 Aug 2024,Spend Money,Not assigned - Gcash out fee,,30.00,0.00,"3,350.00",30.00,0.00
30 Aug 2024,Spend Money,Not assigned - Gcash out fee,,30.00,0.00,"3,380.00",30.00,0.00
31 Aug 2024,Payable Invoice,Rhon Angelo Carbonell - Office Network Final Payment,,"12,500.00",0.00,"15,880.00","12,500.00",0.00
04 Sep 2024,Spend Money,Not assigned - Gcash out fee,,30.00,0.00,"15,910.00",30.00,0.00
05 Sep 2024,Spend Money,Not assigned - Gcash out fee,,30.00,0.00,"15,940.00",30.00,0.00
06 Sep 2024,Spend Money,Nard Torres - Beautification,,"26,900.00",0.00,"42,840.00","26,900.00",0.00
09 Sep 2024,Spend Money,SPI PARKING SERVICES INC. - Parking Fee,,50.00,0.00,"42,890.00",50.00,0.00
12 Sep 2024,Spend Money,Not assigned - Gcash out fee,,30.00,0.00,"42,920.00",30.00,0.00
19 Sep 2024,Spend Money,Not assigned - Gcash out fee,,30.00,0.00,"42,950.00",30.00,0.00
23 Sep 2024,Spend Money,Not assigned - Gcash out fee,,15.00,0.00,"42,965.00",15.00,0.00
24 Sep 2024,Spend Money,Not assigned - Gcash out fee,,30.00,0.00,"42,995.00",30.00,0.00
25 Sep 2024,Spend Money,Shangri-la Plaza - Parking Fee,,50.00,0.00,"43,045.00",50.00,0.00
01 Oct 2024,Spend Money,Not assigned - Gcash out fee,,30.00,0.00,"43,075.00",30.00,0.00
03 Oct 2024,Spend Money,Not assigned - Gcash out fee,,15.00,0.00,"43,090.00",15.00,0.00
04 Oct 2024,Spend Money,TYCOON CENTRE CONDOMINIUM - Parking Fee,,25.00,0.00,"43,115.00",25.00,0.00
07 Oct 2024,Spend Money,Not assigned - Gcash out fee,,30.00,0.00,"43,145.00",30.00,0.00
09 Oct 2024,Spend Money,Not assigned - Gcash out fee,,30.00,0.00,"43,175.00",30.00,0.00
10 Oct 2024,Spend Money,CVY Corporation - VAT,,"5,000.00",0.00,"48,175.00","5,000.00",0.00
10 Oct 2024,Spend Money,Not assigned - Gcash out fee,,30.00,0.00,"48,205.00",30.00,0.00
10 Oct 2024,Spend Money,Shangri-la Plaza - Parking Fee,,50.00,0.00,"48,255.00",50.00,0.00
15 Oct 2024,Spend Money,METRO PARKING MANAGEMENT INC. - Parking Fee,,70.00,0.00,"48,325.00",70.00,0.00
16 Oct 2024,Spend Money,SPI PARKING SERVICES INC. - Parking Fee,,50.00,0.00,"48,375.00",50.00,0.00
17 Oct 2024,Spend Money,Not assigned - GCASH CASH OUT,,20.00,0.00,"48,395.00",20.00,0.00
22 Oct 2024,Spend Money,Not assigned - Gcash out fee,,15.00,0.00,"48,410.00",15.00,0.00
25 Oct 2024,Spend Money,Not assigned - Gcash out fee,,30.00,0.00,"48,440.00",30.00,0.00
03 Nov 2024,Spend Money,Not assigned - Gcash out fee,,15.00,0.00,"48,455.00",15.00,0.00
05 Nov 2024,Spend Money,Not assigned - Gcash out fee,,30.00,0.00,"48,485.00",30.00,0.00
15 Nov 2024,Spend Money,Not assigned - Gcash out fee,,15.00,0.00,"48,500.00",15.00,0.00
21 Nov 2024,Spend Money,Not assigned - Gcash out fee,,15.00,0.00,"48,515.00",15.00,0.00
28 Nov 2024,Spend Money,Not assigned - Gcash out fee,,15.00,0.00,"48,530.00",15.00,0.00
05 Dec 2024,Spend Money,Not assigned - Gcash out fee,,30.00,0.00,"48,560.00",30.00,0.00
05 Dec 2024,Spend Money,First Asia Realty Development Corp. - Parking Fee,,50.00,0.00,"48,610.00",50.00,0.00
06 Dec 2024,Spend Money,Not assigned - Gcash out fee,,30.00,0.00,"48,640.00",30.00,0.00
06 Dec 2024,Spend Money,Not assigned - Gcash out fee,,20.00,0.00,"48,660.00",20.00,0.00
13 Dec 2024,Spend Money,Not assigned - Gcash out fee,,30.00,0.00,"48,690.00",30.00,0.00
23 Dec 2024,Spend Money,Wesley Yap,,"2,000.00",0.00,"50,690.00","2,000.00",0.00
27 Dec 2024,Spend Money,Not assigned - Gcash out fee,,30.00,0.00,"50,720.00",30.00,0.00
Total Office Expenses - Miscellaneous,,,,"50,720.00",0.00,"50,720.00","50,720.00",0.00
,,,,,,,,
Office Furniture and Fixtures,,,,,,,,
Opening Balance,,,,"742,807.41",0.00,"742,807.41",0.00,0.00
19 Mar 2024,Spend Money,Not assigned - Air Conditioner - Viewing Room,,"49,349.00",0.00,"792,156.41","49,349.00",0.00
03 Jul 2024,Spend Money,"Lazada - &#9; Ergodynamic DVC-103BLK Stackable Chair, Visitor's Chair, Guest Chair, Waiting Chair, Work From Home Chair, Computer Chair, Desk Chair, Office Chair, Office Furniture, Study Chair -861612499957165",,"12,884.80",0.00,"805,041.21","12,884.80",0.00
03 Jul 2024,Spend Money,"Lazada - &#9; Ergodynamic DVC-103BLK Stackable Chair, Visitor's Chair, Guest Chair, Waiting Chair, Work From Home Chair, Computer Chair, Desk Chair, Office Chair, Office Furniture, Study Chair -861612499957165",,"13,136.62",0.00,"818,177.83","13,136.62",0.00
Total Office Furniture and Fixtures,,,,"75,370.42",0.00,"818,177.83","75,370.42",0.00
Closing Balance,,,,"818,177.83",0.00,"818,177.83",0.00,0.00
,,,,,,,,
Office Supplies,,,,,,,,
12 Jan 2024,Spend Money,Hartway General Merchandise,,210.00,0.00,210.00,210.00,0.00
25 Jan 2024,Spend Money,Not assigned,,216.00,0.00,426.00,216.00,0.00
26 Jan 2024,Spend Money,Jamboree Expresslane Minimart,,198.50,0.00,624.50,198.50,0.00
29 Jan 2024,Spend Money,SPX Philippines Inc.,,345.00,0.00,969.50,345.00,0.00
30 Jan 2024,Spend Money,Amazon Marketplace,,"24,711.74",0.00,"25,681.24","24,711.74",0.00
12 Feb 2024,Spend Money,Tri-mark Construction Supply,,500.00,0.00,"26,181.24",500.00,0.00
12 Feb 2024,Spend Money,Not assigned,,200.00,0.00,"26,381.24",200.00,0.00
04 Mar 2024,Spend Money,Not assigned,,225.00,0.00,"26,606.24",225.00,0.00
12 Mar 2024,Spend Money,Jamboree Expresslane Minimart,,393.00,0.00,"26,999.24",393.00,0.00
21 Mar 2024,Spend Money,Jamboree Expresslane Minimart,,48.75,0.00,"27,047.99",48.75,0.00
03 Apr 2024,Payable Invoice,Allan Joy Casoy - Riser,,"2,800.00",0.00,"29,847.99","2,800.00",0.00
03 Apr 2024,Spend Money,Lazada - Fityle Desk Partition Clamp Office Shelf Bracket Desktop Screen Clip Holder - 819576788457165,,852.00,0.00,"30,699.99",852.00,0.00
03 Apr 2024,Spend Money,Lazada - 813639860357165,,774.50,0.00,"31,474.49",774.50,0.00
03 Apr 2024,Spend Money,Lazada - 819584777757165,,"2,268.00",0.00,"33,742.49","2,268.00",0.00
03 Apr 2024,Spend Money,Lazada - 813652458457165,,"5,816.04",0.00,"39,558.53","5,816.04",0.00
03 Apr 2024,Spend Money,Lazada - 819592182057165,,"4,840.50",0.00,"44,399.03","4,840.50",0.00
03 Apr 2024,Spend Money,Lazada - 813661459257165,,609.20,0.00,"45,008.23",609.20,0.00
03 Apr 2024,Spend Money,Lazada - 819588578357165,,749.50,0.00,"45,757.73",749.50,0.00
05 Apr 2024,Spend Money,Not assigned,,840.00,0.00,"46,597.73",840.00,0.00
07 Apr 2024,Spend Money,Ace Hardware,,267.00,0.00,"46,864.73",267.00,0.00
12 Apr 2024,Receive Money,Lazada - 813652458457165,,0.00,"5,816.04","41,048.69","(5,816.04)",0.00
13 Apr 2024,Spend Money,Lazada - 818982280757165,,"5,829.00",0.00,"46,877.69","5,829.00",0.00
19 Apr 2024,Spend Money,Tri-mark Construction Supply,,40.00,0.00,"46,917.69",40.00,0.00
06 May 2024,Spend Money,"National Book Store, Inc.",,700.75,0.00,"47,618.44",700.75,0.00
06 May 2024,Spend Money,Not assigned - STAMP AND DELIVERY,,278.00,0.00,"47,896.44",278.00,0.00
06 May 2024,Receive Money,Revolving Fund,,0.00,"1,500.00","46,396.44","(1,500.00)",0.00
22 May 2024,Spend Money,Tri-mark Construction Supply,,220.00,0.00,"46,616.44",220.00,0.00
30 May 2024,Spend Money,"National Book Store, Inc.",,"1,182.00",0.00,"47,798.44","1,182.00",0.00
04 Jun 2024,Spend Money,"National Book Store, Inc.",,62.00,0.00,"47,860.44",62.00,0.00
21 Jun 2024,Spend Money,Mercury Drug Corporation,,393.00,0.00,"48,253.44",393.00,0.00
27 Jun 2024,Spend Money,Lazada - 865172952157165,,237.80,0.00,"48,491.24",237.80,0.00
27 Jun 2024,Spend Money,"National Book Store, Inc.",,209.00,0.00,"48,700.24",209.00,0.00
27 Jun 2024,Spend Money,G UNI-KINDLE STORE,,410.00,0.00,"49,110.24",410.00,0.00
03 Jul 2024,Spend Money,Lazada - 861411882557165,,85.00,0.00,"49,195.24",85.00,0.00
04 Jul 2024,Spend Money,"National Book Store, Inc.",,184.00,0.00,"49,379.24",184.00,0.00
06 Jul 2024,Spend Money,Lazada - 862987220257165,,"1,214.34",0.00,"50,593.58","1,214.34",0.00
06 Jul 2024,Spend Money,Lazada - 869134959257165,,141.40,0.00,"50,734.98",141.40,0.00
07 Jul 2024,Spend Money,Lazada - 869910953457165,,"4,438.00",0.00,"55,172.98","4,438.00",0.00
07 Jul 2024,Receive Money,Lazada - 869910953457165,,0.00,"4,438.00","50,734.98","(4,438.00)",0.00
18 Jul 2024,Spend Money,"National Book Store, Inc.",,274.00,0.00,"51,008.98",274.00,0.00
20 Jul 2024,Spend Money,Not assigned - Gcash out fee,,30.00,0.00,"51,038.98",30.00,0.00
02 Aug 2024,Spend Money,"National Book Store, Inc.",,228.00,0.00,"51,266.98",228.00,0.00
02 Aug 2024,Spend Money,Not assigned - Gcash out fee,,30.00,0.00,"51,296.98",30.00,0.00
02 Aug 2024,Spend Money,Not assigned,,"1,250.00",0.00,"52,546.98","1,250.00",0.00
14 Aug 2024,Spend Money,"National Book Store, Inc.",,610.00,0.00,"53,156.98",610.00,0.00
22 Aug 2024,Spend Money,SHOPEE,,"1,070.00",0.00,"54,226.98","1,070.00",0.00
24 Aug 2024,Spend Money,SHOPEE,,195.00,0.00,"54,421.98",195.00,0.00
28 Aug 2024,Spend Money,Tri-mark Construction Supply,,540.00,0.00,"54,961.98",540.00,0.00
09 Sep 2024,Spend Money,SHOPEE,,"2,850.00",0.00,"57,811.98","2,850.00",0.00
19 Sep 2024,Spend Money,Not assigned - Bulb,,205.00,0.00,"58,016.98",205.00,0.00
26 Sep 2024,Spend Money,SHOPEE,,939.00,0.00,"58,955.98",939.00,0.00
04 Oct 2024,Spend Money,Mercury Drug Corporation,,982.50,0.00,"59,938.48",982.50,0.00
10 Oct 2024,Spend Money,Tri-mark Construction Supply,,205.00,0.00,"60,143.48",205.00,0.00
11 Oct 2024,Spend Money,SHOPEE,,"2,700.00",0.00,"62,843.48","2,700.00",0.00
14 Oct 2024,Spend Money,Lazada - 914819534557165,,"1,794.62",0.00,"64,638.10","1,794.62",0.00
16 Oct 2024,Spend Money,"National Book Store, Inc.",,428.00,0.00,"65,066.10",428.00,0.00
16 Oct 2024,Spend Money,"RHD Daiso-Saizen, Inc. - STAINLESS STEEL",,196.00,0.00,"65,262.10",196.00,0.00
21 Nov 2024,Spend Money,"National Book Store, Inc.",,248.00,0.00,"65,510.10",248.00,0.00
02 Dec 2024,Spend Money,Lazada - 937994373857165,,589.63,0.00,"66,099.73",589.63,0.00
09 Dec 2024,Spend Money,Lazada,,"1,326.31",0.00,"67,426.04","1,326.31",0.00
19 Dec 2024,Spend Money,"National Book Store, Inc.",,650.00,0.00,"68,076.04",650.00,0.00
Total Office Supplies,,,,"79,830.08","11,754.04","68,076.04","68,076.04",0.00
,,,,,,,,
Repairs and Maintenance-Labor,,,,,,,,
15 Mar 2024,Spend Money,Philip Yurag - Aircon Checkup Fee,,400.00,0.00,400.00,400.00,0.00
25 Mar 2024,Payable Invoice,Reyaire Ref and Aircon Services - Aircon Maintenance,,"7,500.00",0.00,"7,900.00","7,500.00",0.00
07 May 2024,Spend Money,Philip Yurag - Aircon Cleaning,,"5,000.00",0.00,"12,900.00","5,000.00",0.00
18 Jun 2024,Payable Invoice,Barebones Inc. - Caliberation Services,,"29,464.29",0.00,"42,364.29","33,000.00","3,535.71"
25 Jun 2024,Spend Money,Philip Yurag - Aircon Checkup Fee,,800.00,0.00,"43,164.29",800.00,0.00
02 Jul 2024,Payable Invoice,Reyaire Ref and Aircon Services - Aircon Maintenance,,"6,000.00",0.00,"49,164.29","6,000.00",0.00
21 Aug 2024,Spend Money,Reyaire Ref and Aircon Services,,"3,000.00",0.00,"52,164.29","3,000.00",0.00
24 Aug 2024,Payable Invoice,Kevin Padilla - Senn Lapel Repair,,"6,000.00",0.00,"58,164.29","6,000.00",0.00
15 Oct 2024,Spend Money,Reyaire Ref and Aircon Services,,"6,000.00",0.00,"64,164.29","6,000.00",0.00
21 Oct 2024,Spend Money,Kevin Padilla - Reimbursement Aircon Cleaning,,"1,200.00",0.00,"65,364.29","1,200.00",0.00
15 Nov 2024,Spend Money,Philip Yurag - Aircon Cleaning,,"2,400.00",0.00,"67,764.29","2,400.00",0.00
29 Nov 2024,Spend Money,Regidor Mara - Socket Box Repair Services,,"1,500.00",0.00,"69,264.29","1,500.00",0.00
Total Repairs and Maintenance-Labor,,,,"69,264.29",0.00,"69,264.29","72,800.00","3,535.71"
,,,,,,,,
Software Subscriptions,,,,,,,,
10 Jan 2024,Spend Money,Xero (NZ) Ltd - Xero Subscription,,"2,904.54",0.00,"2,904.54","2,904.54",0.00
10 Jan 2024,Spend Money,Adobe Inc. - Adobe Subscription,,"2,642.00",0.00,"5,546.54","2,642.00",0.00
10 Jan 2024,Spend Money,"SGO Online Shop - Mistika SGO - January 2024
",Yellowfin,"12,658.83",0.00,"18,205.37","12,658.83",0.00
11 Jan 2024,Spend Money,Adobe - Frame.io Subscription,,"15,153.60",0.00,"33,358.97","15,153.60",0.00
11 Jan 2024,Spend Money,Adobe - Frame.io Subscription,,408.11,0.00,"33,767.08",408.11,0.00
11 Jan 2024,Spend Money,Netsdk,,"2,295.42",0.00,"36,062.50","2,295.42",0.00
18 Jan 2024,Spend Money,Avid Technology - Avid Software Subscription,,"1,374.32",0.00,"37,436.82","1,374.32",0.00
18 Jan 2024,Spend Money,Avid Technology - Avid Software Subscription,,"1,374.32",0.00,"38,811.14","1,374.32",0.00
18 Jan 2024,Spend Money,Avid Technology - Avid Software Subscription,,"1,374.32",0.00,"40,185.46","1,374.32",0.00
18 Jan 2024,Spend Money,Avid Technology - Avid Software Subscription,,"1,374.32",0.00,"41,559.78","1,374.32",0.00
18 Jan 2024,Spend Money,Avid Technology - Avid Software Subscription,,"1,374.32",0.00,"42,934.10","1,374.32",0.00
19 Jan 2024,Spend Money,Microsoft,,349.00,0.00,"43,283.10",349.00,0.00
23 Jan 2024,Spend Money,Avid Technology - Avid Software Subscription,,"1,384.65",0.00,"44,667.75","1,384.65",0.00
26 Jan 2024,Spend Money,ApprovalMax,,"4,336.14",0.00,"49,003.89","4,336.14",0.00
28 Jan 2024,Spend Money,Avid Technology - Avid Software Subscription,,"2,022.77",0.00,"51,026.66","2,022.77",0.00
29 Jan 2024,Spend Money,Adobe Inc. - Adobe Subscription,,"2,642.00",0.00,"53,668.66","2,642.00",0.00
29 Jan 2024,Spend Money,Notion Labs Inc - Notion Subscription,,"10,391.97",0.00,"64,060.63","10,391.97",0.00
30 Jan 2024,Spend Money,Adobe Inc. - Adobe Subscription,,"2,642.00",0.00,"66,702.63","2,642.00",0.00
01 Feb 2024,Spend Money,Zoom,,556.99,0.00,"67,259.62",556.99,0.00
01 Feb 2024,Spend Money,Xero (NZ) Ltd - Xero Subscription,,"2,910.48",0.00,"70,170.10","2,910.48",0.00
02 Feb 2024,Spend Money,Adobe - Frame.io Subscription,,"13,537.91",0.00,"83,708.01","13,537.91",0.00
02 Feb 2024,Spend Money,Microsoft,,349.00,0.00,"84,057.01",349.00,0.00
06 Feb 2024,Spend Money,Adobe - Frame.io Subscription,,746.83,0.00,"84,803.84",746.83,0.00
06 Feb 2024,Spend Money,Avid Technology - Avid Software Subscription,,"1,379.24",0.00,"86,183.08","1,379.24",0.00
09 Feb 2024,Spend Money,"SGO Online Shop - Mistika SGO - February 2024
",Yellowfin,"12,330.73",0.00,"98,513.81","12,330.73",0.00
10 Feb 2024,Spend Money,RemotePC,,"1,716.98",0.00,"100,230.79","1,716.98",0.00
11 Feb 2024,Spend Money,Avid Technology - Avid Software Subscription,,"1,377.64",0.00,"101,608.43","1,377.64",0.00
15 Feb 2024,Spend Money,Avid Technology - Avid Software Subscription,,"1,376.29",0.00,"102,984.72","1,376.29",0.00
16 Feb 2024,Spend Money,Adobe Inc. - Adobe Subscription,,"26,796.00",0.00,"129,780.72","26,796.00",0.00
18 Feb 2024,Spend Money,Avid Technology - Avid Software Subscription,,"1,376.66",0.00,"131,157.38","1,376.66",0.00
19 Feb 2024,Spend Money,Avid Technology - Avid Software Subscription,,"1,378.87",0.00,"132,536.25","1,378.87",0.00
22 Feb 2024,Spend Money,Avid Technology - Avid Software Subscription,,"1,372.35",0.00,"133,908.60","1,372.35",0.00
25 Feb 2024,Spend Money,Adobe Inc. - Adobe Subscription,,"26,796.00",0.00,"160,704.60","26,796.00",0.00
25 Feb 2024,Spend Money,Adobe Inc. - Adobe Subscription,,"2,642.00",0.00,"163,346.60","2,642.00",0.00
26 Feb 2024,Spend Money,ApprovalMax,,"4,308.08",0.00,"167,654.68","4,308.08",0.00
28 Feb 2024,Spend Money,Avid Technology - Avid Software Subscription,,"2,015.78",0.00,"169,670.46","2,015.78",0.00
29 Feb 2024,Spend Money,Adobe Inc. - Adobe Subscription,,"2,642.00",0.00,"172,312.46","2,642.00",0.00
29 Feb 2024,Spend Money,Notion Labs Inc - Notion Subscription,,"10,350.45",0.00,"182,662.91","10,350.45",0.00
01 Mar 2024,Spend Money,Xero (NZ) Ltd - Xero Subscription,,"2,895.25",0.00,"185,558.16","2,895.25",0.00
01 Mar 2024,Spend Money,Zoom,,556.99,0.00,"186,115.15",556.99,0.00
02 Mar 2024,Spend Money,Adobe - Frame.io Subscription,,"14,893.15",0.00,"201,008.30","14,893.15",0.00
02 Mar 2024,Spend Money,Microsoft,,349.00,0.00,"201,357.30",349.00,0.00
06 Mar 2024,Spend Money,Avid Technology - Avid Software Subscription,,"1,372.78",0.00,"202,730.08","1,372.78",0.00
10 Mar 2024,Spend Money,"SGO Online Shop - Mistika SGO - March 2024
",Yellowfin,"12,516.32",0.00,"215,246.40","12,516.32",0.00
11 Mar 2024,Spend Money,Avid Technology - Avid Software Subscription,,"1,362.05",0.00,"216,608.45","1,362.05",0.00
12 Mar 2024,Spend Money,Adobe - Frame.io Subscription,,580.82,0.00,"217,189.27",580.82,0.00
15 Mar 2024,Spend Money,Avid Technology - Avid Software Subscription,,"1,364.79",0.00,"218,554.06","1,364.79",0.00
18 Mar 2024,Spend Money,Avid Technology - Avid Software Subscription,,"1,371.53",0.00,"219,925.59","1,371.53",0.00
19 Mar 2024,Spend Money,Avid Technology - Avid Software Subscription,,"1,379.04",0.00,"221,304.63","1,379.04",0.00
23 Mar 2024,Spend Money,Avid Technology - Avid Software Subscription,,"1,381.96",0.00,"222,686.59","1,381.96",0.00
25 Mar 2024,Spend Money,Adobe Inc. - Adobe Subscription,,"2,642.00",0.00,"225,328.59","2,642.00",0.00
25 Mar 2024,Spend Money,Adobe Inc. - Adobe Subscription,,"26,796.00",0.00,"252,124.59","26,796.00",0.00
25 Mar 2024,Spend Money,Apple,,"12,990.00",0.00,"265,114.59","12,990.00",0.00
26 Mar 2024,Spend Money,ApprovalMax,,"4,327.56",0.00,"269,442.15","4,327.56",0.00
27 Mar 2024,Spend Money,Avid Technology - Avid Software Subscription,,"2,018.70",0.00,"271,460.85","2,018.70",0.00
29 Mar 2024,Spend Money,Notion Labs Inc - Notion Subscription,,"10,364.10",0.00,"281,824.95","10,364.10",0.00
29 Mar 2024,Spend Money,Apple,,49.00,0.00,"281,873.95",49.00,0.00
29 Mar 2024,Spend Money,Neuralstyle,,116.96,0.00,"281,990.91",116.96,0.00
30 Mar 2024,Spend Money,Adobe Inc. - Adobe Subscription,,"2,642.00",0.00,"284,632.91","2,642.00",0.00
01 Apr 2024,Spend Money,Zoom,,556.99,0.00,"285,189.90",556.99,0.00
01 Apr 2024,Spend Money,Xero (NZ) Ltd - Xero Subscription,,"2,905.83",0.00,"288,095.73","2,905.83",0.00
02 Apr 2024,Spend Money,Microsoft,,349.00,0.00,"288,444.73",349.00,0.00
02 Apr 2024,Spend Money,Adobe - Frame.io Subscription,,"15,839.24",0.00,"304,283.97","15,839.24",0.00
03 Apr 2024,Spend Money,Zoom,,"8,668.79",0.00,"312,952.76","8,668.79",0.00
05 Apr 2024,Spend Money,Fxphd Pty,,"5,731.31",0.00,"318,684.07","5,731.31",0.00
06 Apr 2024,Spend Money,Avid Technology - Avid Software Subscription,,"1,389.75",0.00,"320,073.82","1,389.75",0.00
09 Apr 2024,Spend Money,Imagineproducts.com,,"3,473.67",0.00,"323,547.49","3,473.67",0.00
11 Apr 2024,Spend Money,Avid Technology - Avid Software Subscription,,"1,389.74",0.00,"324,937.23","1,389.74",0.00
15 Apr 2024,Spend Money,Avid Technology - Avid Software Subscription,,"1,399.80",0.00,"326,337.03","1,399.80",0.00
18 Apr 2024,Spend Money,Avid Technology - Avid Software Subscription,,"1,412.98",0.00,"327,750.01","1,412.98",0.00
18 Apr 2024,Spend Money,Avid Technology - Avid Software Subscription,,"1,412.98",0.00,"329,162.99","1,412.98",0.00
22 Apr 2024,Spend Money,Adobe - Frame.io Subscription,,285.13,0.00,"329,448.12",285.13,0.00
22 Apr 2024,Spend Money,Adobe - Frame.io Subscription,,289.25,0.00,"329,737.37",289.25,0.00
23 Apr 2024,Spend Money,WeTransfer,,"12,518.71",0.00,"342,256.08","12,518.71",0.00
23 Apr 2024,Spend Money,Avid Technology - Avid Software Subscription,,"14,072.59",0.00,"356,328.67","14,072.59",0.00
23 Apr 2024,Spend Money,Avid Technology - Avid Software Subscription,,"1,412.56",0.00,"357,741.23","1,412.56",0.00
25 Apr 2024,Spend Money,Adobe Inc. - Adobe Subscription,,"2,642.00",0.00,"360,383.23","2,642.00",0.00
25 Apr 2024,Spend Money,Adobe Inc. - Adobe Subscription,,"26,796.00",0.00,"387,179.23","26,796.00",0.00
26 Apr 2024,Spend Money,ApprovalMax,,"4,440.69",0.00,"391,619.92","4,440.69",0.00
27 Apr 2024,Spend Money,Avid Technology - Avid Software Subscription,,"2,071.73",0.00,"393,691.65","2,071.73",0.00
29 Apr 2024,Spend Money,Adobe Inc. - Adobe Subscription,,"2,642.00",0.00,"396,333.65","2,642.00",0.00
29 Apr 2024,Spend Money,Notion Labs Inc - Notion Subscription,,"11,318.15",0.00,"407,651.80","11,318.15",0.00
30 Apr 2024,Spend Money,Apple,,49.00,0.00,"407,700.80",49.00,0.00
01 May 2024,Spend Money,Zoom,,556.99,0.00,"408,257.79",556.99,0.00
02 May 2024,Spend Money,Adobe - Frame.io Subscription,,878.59,0.00,"409,136.38",878.59,0.00
02 May 2024,Spend Money,Microsoft,,349.00,0.00,"409,485.38",349.00,0.00
02 May 2024,Spend Money,Adobe - Frame.io Subscription,,"17,853.74",0.00,"427,339.12","17,853.74",0.00
02 May 2024,Spend Money,Xero (NZ) Ltd - Xero Subscription,,"2,957.03",0.00,"430,296.15","2,957.03",0.00
02 May 2024,Spend Money,"SGO Online Shop - Mistika SGO - May 2024
",Yellowfin,"6,260.47",0.00,"436,556.62","6,260.47",0.00
05 May 2024,Spend Money,Fxphd Pty,,"5,809.45",0.00,"442,366.07","5,809.45",0.00
08 May 2024,Spend Money,Paddle.net,,345.73,0.00,"442,711.80",387.22,41.49
09 May 2024,Spend Money,Improvmx,,"5,293.30",0.00,"448,005.10","5,293.30",0.00
10 May 2024,Spend Money,Imagineproducts.com,,"3,526.10",0.00,"451,531.20","3,526.10",0.00
11 May 2024,Spend Money,Adobe - Frame.io Subscription,,618.84,0.00,"452,150.04",618.84,0.00
25 May 2024,Spend Money,Adobe Inc. - Adobe Subscription,,"2,642.00",0.00,"454,792.04","2,642.00",0.00
25 May 2024,Spend Money,Adobe Inc. - Adobe Subscription,,"26,796.00",0.00,"481,588.04","26,796.00",0.00
26 May 2024,Spend Money,ApprovalMax,,"4,469.13",0.00,"486,057.17","4,469.13",0.00
29 May 2024,Spend Money,Notion Labs Inc - Notion Subscription,,"11,418.20",0.00,"497,475.37","11,418.20",0.00
29 May 2024,Spend Money,Freedom.to,,"2,419.89",0.00,"499,895.26","2,419.89",0.00
30 May 2024,Spend Money,Adobe Inc. - Adobe Subscription,,"2,642.00",0.00,"502,537.26","2,642.00",0.00
02 Jun 2024,Spend Money,Xero (NZ) Ltd - Xero Subscription,,"3,023.50",0.00,"505,560.76","3,023.50",0.00
02 Jun 2024,Spend Money,Adobe - Frame.io Subscription,,"20,056.57",0.00,"525,617.33","20,056.57",0.00
02 Jun 2024,Spend Money,Microsoft,,349.00,0.00,"525,966.33",349.00,0.00
05 Jun 2024,Spend Money,Fxphd Pty,,"5,946.95",0.00,"531,913.28","5,946.95",0.00
07 Jun 2024,Spend Money,Avid Technology - Avid Software Subscription,,"2,101.86",0.00,"534,015.14","2,101.86",0.00
17 Jun 2024,Spend Money,Adobe - Frame.io Subscription,,459.48,0.00,"534,474.62",459.48,0.00
25 Jun 2024,Spend Money,Adobe Inc. - Adobe Subscription,,"2,642.00",0.00,"537,116.62","2,642.00",0.00
25 Jun 2024,Spend Money,Adobe Inc. - Adobe Subscription,,"26,796.00",0.00,"563,912.62","26,796.00",0.00
25 Jun 2024,Spend Money,SGO Online Shop - Mistika,Yellow Fin,"4,480.50",0.00,"568,393.12","4,480.50",0.00
26 Jun 2024,Spend Money,ApprovalMax,,"4,524.44",0.00,"572,917.56","4,524.44",0.00
27 Jun 2024,Spend Money,Avid Technology - Avid Software Subscription,,"2,101.67",0.00,"575,019.23","2,101.67",0.00
29 Jun 2024,Spend Money,Notion Labs Inc - Notion Subscription,,"11,412.35",0.00,"586,431.58","11,412.35",0.00
29 Jun 2024,Spend Money,Adobe Inc. - Adobe Subscription,,"2,642.00",0.00,"589,073.58","2,642.00",0.00
30 Jun 2024,Spend Money,Adobe - Frame.io Subscription,,45.64,0.00,"589,119.22",45.64,0.00
01 Jul 2024,Spend Money,Xero (NZ) Ltd - Xero Subscription,,"3,023.25",0.00,"592,142.47","3,023.25",0.00
01 Jul 2024,Spend Money,cleverbridge AG,,"1,971.07",0.00,"594,113.54","1,971.07",0.00
02 Jul 2024,Spend Money,Adobe - Frame.io Subscription,,"21,914.03",0.00,"616,027.57","21,914.03",0.00
02 Jul 2024,Spend Money,Microsoft,,349.00,0.00,"616,376.57",349.00,0.00
24 Jul 2024,Spend Money,Adobe - Frame.io Subscription,,375.50,0.00,"616,752.07",375.50,0.00
27 Jul 2024,Spend Money,Avid Technology - Avid Software Subscription,,"2,096.02",0.00,"618,848.09","2,096.02",0.00
29 Jul 2024,Spend Money,Adobe - Frame.io Subscription,,344.20,0.00,"619,192.29",344.20,0.00
02 Aug 2024,Spend Money,Avid Technology - Avid Software Subscription,,"15,466.53",0.00,"634,658.82","15,466.53",0.00
02 Aug 2024,Spend Money,Adobe Inc. - Adobe Subscription,,"2,642.00",0.00,"637,300.82","2,642.00",0.00
02 Aug 2024,Spend Money,Adobe - Frame.io Subscription,,"25,223.31",0.00,"662,524.13","25,223.31",0.00
02 Aug 2024,Spend Money,SGO Online Shop - Mistika,Yellow Fin,"4,456.32",0.00,"666,980.45","4,456.32",0.00
03 Aug 2024,Spend Money,Avid Technology - Avid Software Subscription,,"35,633.88",0.00,"702,614.33","35,633.88",0.00
04 Aug 2024,Spend Money,Notion Labs Inc - Notion Subscription,,"11,261.42",0.00,"713,875.75","11,261.42",0.00
06 Aug 2024,Spend Money,Adobe Inc. - Adobe Subscription,,"2,642.00",0.00,"716,517.75","2,642.00",0.00
07 Aug 2024,Spend Money,Adobe - Frame.io Subscription,,745.21,0.00,"717,262.96",745.21,0.00
08 Aug 2024,Spend Money,Vimeo,,"14,097.03",0.00,"731,359.99","14,097.03",0.00
11 Aug 2024,Spend Money,ApprovalMax,,"4,406.86",0.00,"735,766.85","4,406.86",0.00
11 Aug 2024,Spend Money,Xero (NZ) Ltd - Xero Subscription,,"2,958.48",0.00,"738,725.33","2,958.48",0.00
11 Aug 2024,Spend Money,Adobe - Frame.io Subscription,,622.25,0.00,"739,347.58",622.25,0.00
13 Aug 2024,Spend Money,Imagineproducts.com,,"9,898.08",0.00,"749,245.66","9,898.08",0.00
13 Aug 2024,Spend Money,Vimeo,,"15,227.81",0.00,"764,473.47","15,227.81",0.00
18 Aug 2024,Spend Money,Adobe Inc. - Adobe Subscription,,"26,796.00",0.00,"791,269.47","26,796.00",0.00
23 Aug 2024,Spend Money,Avid Technology - Avid Software Subscription,,"15,032.69",0.00,"806,302.16","15,032.69",0.00
25 Aug 2024,Spend Money,Adobe Inc. - Adobe Subscription,,"2,642.00",0.00,"808,944.16","2,642.00",0.00
25 Aug 2024,Spend Money,Adobe Inc. - Adobe Subscription,,"26,796.00",0.00,"835,740.16","26,796.00",0.00
27 Aug 2024,Spend Money,Avid Technology - Avid Software Subscription,,"2,018.11",0.00,"837,758.27","2,018.11",0.00
28 Aug 2024,Spend Money,Avid Technology - Avid Software Subscription,,"2,016.49",0.00,"839,774.76","2,016.49",0.00
28 Aug 2024,Spend Money,Imagineproducts.com,,"3,460.60",0.00,"843,235.36","3,460.60",0.00
29 Aug 2024,Spend Money,Notion Labs Inc - Notion Subscription,,"2,768.94",0.00,"846,004.30","2,768.94",0.00
30 Aug 2024,Spend Money,Adobe Inc. - Adobe Subscription,,"2,642.00",0.00,"848,646.30","2,642.00",0.00
02 Sep 2024,Spend Money,Xero (NZ) Ltd - Xero Subscription,,"2,910.87",0.00,"851,557.17","2,910.87",0.00
02 Sep 2024,Spend Money,Adobe - Frame.io Subscription,,"26,323.70",0.00,"877,880.87","26,323.70",0.00
04 Sep 2024,Spend Money,Capcut,,399.00,0.00,"878,279.87",399.00,0.00
10 Sep 2024,Spend Money,KX Global,,520.75,0.00,"878,800.62",520.75,0.00
11 Sep 2024,Spend Money,ApprovalMax,,"4,312.31",0.00,"883,112.93","4,312.31",0.00
14 Sep 2024,Spend Money,GoDaddy,,"5,148.00",0.00,"888,260.93","5,148.00",0.00
16 Sep 2024,Spend Money,GoDaddy,,"2,199.00",0.00,"890,459.93","2,199.00",0.00
24 Sep 2024,Spend Money,KX Global,,"2,501.70",0.00,"892,961.63","2,501.70",0.00
25 Sep 2024,Spend Money,Adobe Inc. - Adobe Subscription,,"2,642.00",0.00,"895,603.63","2,642.00",0.00
25 Sep 2024,Spend Money,Adobe Inc. - Adobe Subscription,,"26,796.00",0.00,"922,399.63","26,796.00",0.00
29 Sep 2024,Spend Money,Notion Labs Inc - Notion Subscription,,"4,592.82",0.00,"926,992.45","4,592.82",0.00
29 Sep 2024,Spend Money,Adobe Inc. - Adobe Subscription,,"2,642.00",0.00,"929,634.45","2,642.00",0.00
01 Oct 2024,Spend Money,Xero (NZ) Ltd - Xero Subscription,,"2,901.71",0.00,"932,536.16","2,901.71",0.00
02 Oct 2024,Spend Money,Adobe - Frame.io Subscription,,"26,201.54",0.00,"958,737.70","26,201.54",0.00
08 Oct 2024,Spend Money,Fxphd Pty,,"5,815.69",0.00,"964,553.39","5,815.69",0.00
11 Oct 2024,Spend Money,ApprovalMax,,"4,406.67",0.00,"968,960.06","4,406.67",0.00
17 Oct 2024,Spend Money,Avid Technology - Avid Software Subscription,,"2,363.98",0.00,"971,324.04","2,363.98",0.00
24 Oct 2024,Spend Money,Avid Technology - Avid Software Subscription,,"15,481.72",0.00,"986,805.76","15,481.72",0.00
25 Oct 2024,Spend Money,Adobe Inc. - Adobe Subscription,,"2,642.00",0.00,"989,447.76","2,642.00",0.00
25 Oct 2024,Spend Money,Adobe Inc. - Adobe Subscription,,"26,796.00",0.00,"1,016,243.76","26,796.00",0.00
28 Oct 2024,Spend Money,cleverbridge AG,,"1,950.32",0.00,"1,018,194.08","1,950.32",0.00
29 Oct 2024,Spend Money,Notion Labs Inc - Notion Subscription,,"5,732.30",0.00,"1,023,926.38","5,732.30",0.00
30 Oct 2024,Spend Money,Adobe Inc. - Adobe Subscription,,"2,891.00",0.00,"1,026,817.38","2,891.00",0.00
01 Nov 2024,Spend Money,Xero (NZ) Ltd - Xero Subscription,,"3,011.89",0.00,"1,029,829.27","3,011.89",0.00
02 Nov 2024,Spend Money,Adobe - Frame.io Subscription,,"27,157.82",0.00,"1,056,987.09","27,157.82",0.00
05 Nov 2024,Spend Money,Avid Technology - Avid Software Subscription,,"2,404.46",0.00,"1,059,391.55","2,404.46",0.00
09 Nov 2024,Spend Money,cleverbridge AG,,"1,999.00",0.00,"1,061,390.55","1,999.00",0.00
11 Nov 2024,Spend Money,ApprovalMax,,"4,512.18",0.00,"1,065,902.73","4,512.18",0.00
17 Nov 2024,Spend Money,Avid Technology - Avid Software Subscription,,"2,406.20",0.00,"1,068,308.93","2,406.20",0.00
25 Nov 2024,Spend Money,Adobe Inc. - Adobe Subscription,,"28,470.00",0.00,"1,096,778.93","28,470.00",0.00
25 Nov 2024,Spend Money,Adobe Inc. - Adobe Subscription,,"2,891.00",0.00,"1,099,669.93","2,891.00",0.00
29 Nov 2024,Payable Invoice,Lara Bautista - Streambox - Subscription for Remote Grading via Ipad,,"17,578.57",0.00,"1,117,248.50","17,578.57",0.00
29 Nov 2024,Spend Money,Notion Labs Inc - Notion Subscription,,"5,772.29",0.00,"1,123,020.79","5,772.29",0.00
29 Nov 2024,Spend Money,Adobe Inc. - Adobe Subscription,,"2,891.00",0.00,"1,125,911.79","2,891.00",0.00
01 Dec 2024,Spend Money,Xero (NZ) Ltd - Xero Subscription,,"3,029.44",0.00,"1,128,941.23","3,029.44",0.00
02 Dec 2024,Spend Money,Adobe - Frame.io Subscription,,"24,925.42",0.00,"1,153,866.65","24,925.42",0.00
02 Dec 2024,Spend Money,Shift,,"2,345.93",0.00,"1,156,212.58","2,345.93",0.00
04 Dec 2024,Spend Money,Google - Google Storage Subscription,,"4,799.00",0.00,"1,161,011.58","4,799.00",0.00
05 Dec 2024,Spend Money,Avid Technology - Avid Software Subscription,,"2,370.13",0.00,"1,163,381.71","2,370.13",0.00
11 Dec 2024,Spend Money,ApprovalMax,,"4,483.58",0.00,"1,167,865.29","4,483.58",0.00
17 Dec 2024,Spend Money,Avid Technology - Avid Software Subscription,,"2,417.37",0.00,"1,170,282.66","2,417.37",0.00
25 Dec 2024,Spend Money,Adobe Inc. - Adobe Subscription,,"2,891.00",0.00,"1,173,173.66","2,891.00",0.00
25 Dec 2024,Spend Money,Adobe Inc. - Adobe Subscription,,"28,470.00",0.00,"1,201,643.66","28,470.00",0.00
29 Dec 2024,Spend Money,Notion Labs Inc - Notion Subscription,,"5,697.16",0.00,"1,207,340.82","5,697.16",0.00
30 Dec 2024,Spend Money,Adobe Inc. - Adobe Subscription,,"2,891.00",0.00,"1,210,231.82","2,891.00",0.00
31 Dec 2024,Spend Money,Apple,,149.00,0.00,"1,210,380.82",149.00,0.00
Total Software Subscriptions,,,,"1,210,380.82",0.00,"1,210,380.82","1,210,422.31",41.49
,,,,,,,,
Sound System and Equipment,,,,,,,,
Opening Balance,,,,"853,057.24",0.00,"853,057.24",0.00,0.00
31 Jan 2024,,Depreciation of FA-0066 on 31 Jan 2024.,,0.00,185.49,"852,871.75",(185.49),0.00
31 Jan 2024,,Depreciation of FA-0085 on 31 Jan 2024.,,0.00,"1,833.33","851,038.42","(1,833.33)",0.00
29 Feb 2024,,Depreciation of FA-0066 on 29 Feb 2024.,,0.00,185.49,"850,852.93",(185.49),0.00
29 Feb 2024,,Depreciation of FA-0085 on 29 Feb 2024.,,0.00,"1,833.34","849,019.59","(1,833.34)",0.00
19 Mar 2024,Spend Money,JDM Techno Comp,,"30,450.00",0.00,"879,469.59","30,450.00",0.00
26 Mar 2024,Payable Invoice,Vizen Marketing - 3pcs Timecode,,"27,000.00",0.00,"906,469.59","27,000.00",0.00
31 Mar 2024,,Depreciation of FA-0066 on 31 Mar 2024.,,0.00,185.49,"906,284.10",(185.49),0.00
31 Mar 2024,,Depreciation of FA-0085 on 31 Mar 2024.,,0.00,"1,833.33","904,450.77","(1,833.33)",0.00
15 Apr 2024,Payable Invoice,Kevin Padilla - Lapel Unit,,"13,000.00",0.00,"917,450.77","13,000.00",0.00
30 Apr 2024,,Depreciation of FA-0066 on 30 Apr 2024.,,0.00,185.49,"917,265.28",(185.49),0.00
30 Apr 2024,,Depreciation of FA-0085 on 30 Apr 2024.,,0.00,"1,833.33","915,431.95","(1,833.33)",0.00
31 May 2024,,Depreciation of FA-0066 on 31 May 2024.,,0.00,185.49,"915,246.46",(185.49),0.00
31 May 2024,,Depreciation of FA-0085 on 31 May 2024.,,0.00,"1,833.34","913,413.12","(1,833.34)",0.00
30 Jun 2024,,Depreciation of FA-0066 on 30 Jun 2024.,,0.00,185.49,"913,227.63",(185.49),0.00
30 Jun 2024,,Depreciation of FA-0085 on 30 Jun 2024.,,0.00,"1,833.33","911,394.30","(1,833.33)",0.00
31 Jul 2024,,Depreciation of FA-0066 on 31 Jul 2024.,,0.00,185.49,"911,208.81",(185.49),0.00
31 Jul 2024,,Depreciation of FA-0085 on 31 Jul 2024.,,0.00,"1,833.33","909,375.48","(1,833.33)",0.00
31 Aug 2024,,Depreciation of FA-0066 on 31 Aug 2024.,,0.00,185.49,"909,189.99",(185.49),0.00
31 Aug 2024,,Depreciation of FA-0085 on 31 Aug 2024.,,0.00,"1,833.34","907,356.65","(1,833.34)",0.00
27 Sep 2024,Spend Money,Kevin Padilla - Boom Pole Wireless Device,,"4,464.29",0.00,"911,820.94","5,000.00",535.71
30 Sep 2024,,Depreciation of FA-0066 on 30 Sep 2024.,,0.00,185.49,"911,635.45",(185.49),0.00
30 Sep 2024,,Depreciation of FA-0085 on 30 Sep 2024.,,0.00,"1,833.33","909,802.12","(1,833.33)",0.00
31 Oct 2024,,Depreciation of FA-0066 on 31 Oct 2024.,,0.00,185.49,"909,616.63",(185.49),0.00
31 Oct 2024,,Depreciation of FA-0085 on 31 Oct 2024.,,0.00,"1,833.33","907,783.30","(1,833.33)",0.00
30 Nov 2024,,Depreciation of FA-0066 on 30 Nov 2024.,,0.00,185.49,"907,597.81",(185.49),0.00
30 Nov 2024,,Depreciation of FA-0085 on 30 Nov 2024.,,0.00,"1,833.34","905,764.47","(1,833.34)",0.00
31 Dec 2024,,Depreciation of FA-0066 on 31 Dec 2024.,,0.00,185.49,"905,578.98",(185.49),0.00
31 Dec 2024,,Depreciation of FA-0085 on 31 Dec 2024.,,0.00,"1,833.33","903,745.65","(1,833.33)",0.00
Total Sound System and Equipment,,,,"74,914.29","24,225.88","903,745.65","51,224.12",535.71
Closing Balance,,,,"903,745.65",0.00,"903,745.65",0.00,0.00
,,,,,,,,
Storage Devices,,,,,,,,
12 Jan 2024,Spend Money,8 Zettabytes Group OPC - 4pcs USB,Zoomers,"3,596.00",0.00,"3,596.00","3,596.00",0.00
06 Mar 2024,Spend Money,8 Zettabytes Group OPC - Hard Drives,What's Wrong with Secretary Kim,"29,000.00",0.00,"32,596.00","29,000.00",0.00
15 Apr 2024,Spend Money,8 Zettabytes Group OPC - 4TB  Hard Drive Portable,Iskandalo,"6,300.00",0.00,"38,896.00","6,300.00",0.00
18 Jun 2024,Spend Money,Not assigned,,"12,800.00",0.00,"51,696.00","12,800.00",0.00
18 Jun 2024,Receive Money,Not assigned,,0.00,"12,800.00","38,896.00","(12,800.00)",0.00
18 Jun 2024,Spend Money,8 Zettabytes Group OPC - Hard Drives,OMA,"12,800.00",0.00,"51,696.00","12,800.00",0.00
03 Sep 2024,Spend Money,8 Zettabytes Group OPC - 15pcs 1TB Hard Drive,PELÍCULA Spanish Film Festival 2024,"25,500.00",0.00,"77,196.00","25,500.00",0.00
03 Sep 2024,Spend Money,8 Zettabytes Group OPC - 15pcs 1TB Hard Drive,PELÍCULA Spanish Film Festival 2024,"25,500.00",0.00,"102,696.00","25,500.00",0.00
28 Oct 2024,Spend Money,ALO388 OPC,,"30,798.00",0.00,"133,494.00","30,798.00",0.00
28 Oct 2024,Spend Money,ALO388 OPC,,"30,798.00",0.00,"164,292.00","30,798.00",0.00
Total Storage Devices,,,,"177,092.00","12,800.00","164,292.00","164,292.00",0.00
,,,,,,,,
Training Expenses,,,,,,,,
18 Apr 2024,Payable Invoice,Ilsa Nastassja Malsi - Subtitle Training - 4 Sessions,,"20,000.00",0.00,"20,000.00","20,000.00",0.00
Total Training Expenses,,,,"20,000.00",0.00,"20,000.00","20,000.00",0.00
,,,,,,,,
TV Monitors,,,,,,,,
Opening Balance,,,,"661,144.46",0.00,"661,144.46",0.00,0.00
08 Apr 2024,Payable Invoice,Abenson Ventures Inc. - OLED TV,,"65,495.00",0.00,"726,639.46","65,495.00",0.00
Total TV Monitors,,,,"65,495.00",0.00,"726,639.46","65,495.00",0.00
Closing Balance,,,,"726,639.46",0.00,"726,639.46",0.00,0.00
,,,,,,,,
Total,,,,"4,040,947.09","435,317.08","8,449,252.53","3,614,179.57","8,549.56"