date_of_transaction,qty,unit_price,item/service
2026-01-21,5,117880.66,Offline Edit (day)
2026-01-22,12,24999.73,Restoration Scan (ea)
2026-01-28,6,73675.41,Freelance Editor (day)
2026-02-04,2,84054.14,Supplier Stage Hire (day)
2026-02-05,13,53774.05,Film Element Preparation (day)
2026-02-06,1,5000.00,Optical Media Stock (ea)
2026-02-25,5,77054.63,Freelance Editor (day)
2026-02-25,17,6150.33,Archive Verification (hr)
2026-03-16,43,9938.05,LTO Tape Stock (ea)
2026-03-20,34,8133.84,Conform & Online (hr)
2026-03-24,10,27016.42,Restoration Scan (ea)
2026-03-25,28,12053.46,Color Assist (hr)
